Дата;Наименование препарата как у нас;Наименование препарата как у аптеки;Наименование АС;Ссылка на препарат;Город;Цена
24-03-2022;;Армавискон Плюс ср-во для внутрисуставного введения 1,5% 2мл №2 шприц Гротекс ООО   Гротекс, Россия; Фармаимпекс;https://b-apteka.ru/search?q=%D0%B0%D1%80%D0%BC%D0%B0%D0%B2%D0%B8%D1%81%D0%BA%D0%BE%D0%BD;Пермь;14 866 ₽
24-03-2022;;Армавискон Плюс ср-во для внутрисуставного введения 1,5% 2мл шприц Без НДС Гротекс ООО   Гротекс, Россия; Фармаимпекс;https://b-apteka.ru/search?q=%D0%B0%D1%80%D0%BC%D0%B0%D0%B2%D0%B8%D1%81%D0%BA%D0%BE%D0%BD;Пермь;7 616 ₽
24-03-2022;;Армавискон Форте ср-во для внутрисуставного введения 2,3% 3мл шприц Без НДС Гротекс ООО   Гротекс, Россия; Фармаимпекс;https://b-apteka.ru/search?q=%D0%B0%D1%80%D0%BC%D0%B0%D0%B2%D0%B8%D1%81%D0%BA%D0%BE%D0%BD;Пермь;17 478 ₽
24-03-2022;;Армавискон ср-во для внутрисуставного введения 1% 2мл №2 шприц Гротекс ООО   Гротекс, Россия; Фармаимпекс;https://b-apteka.ru/search?q=%D0%B0%D1%80%D0%BC%D0%B0%D0%B2%D0%B8%D1%81%D0%BA%D0%BE%D0%BD;Пермь;8 886 ₽
24-03-2022;;Армавискон ср-во для внутрисуставного введения 1% 2мл шприц Без НДС Гротекс ООО   Гротекс, Россия; Фармаимпекс;https://b-apteka.ru/search?q=%D0%B0%D1%80%D0%BC%D0%B0%D0%B2%D0%B8%D1%81%D0%BA%D0%BE%D0%BD;Пермь;5 327 ₽
24-03-2022;;Армавискон ср-во для внутрисуставного введения 1% 2мл шприц НДС10% Гротекс ООО   Гротекс, Россия; Фармаимпекс;https://b-apteka.ru/search?q=%D0%B0%D1%80%D0%BC%D0%B0%D0%B2%D0%B8%D1%81%D0%BA%D0%BE%D0%BD;Пермь;5 327 ₽
24-03-2022;;Армавискон Хондро протез синовиал жид-ти 3мл шприц Гротекс ООО   Гротекс, Россия; Фармаимпекс;https://b-apteka.ru/search?q=%D0%B0%D1%80%D0%BC%D0%B0%D0%B2%D0%B8%D1%81%D0%BA%D0%BE%D0%BD;Пермь;12 729 ₽
24-03-2022;;Армавискон МН ср-во для околосухожильного и внутрисуставного введения 2мл шприц Гротекс ООО   Гротекс, Россия; Фармаимпекс;https://b-apteka.ru/search?q=%D0%B0%D1%80%D0%BC%D0%B0%D0%B2%D0%B8%D1%81%D0%BA%D0%BE%D0%BD;Пермь;7 969 ₽
24-03-2022;;Гордокс 10000КИЕ/1мл 10мл №25 амп. р-р д/ин.в/в Гедеон Рихтер ОАО   Гедеон, Венгрия; Фармаимпекс;https://b-apteka.ru/search?q=%D0%B0%D1%82%D1%80%D0%B8%20%D0%B8%D0%BD%D0%B6;Пермь;5 588 ₽
24-03-2022;;Гордокс 10000КИЕ/1мл 10мл №5 амп. р-р д/ин.в/в Гедеон Рихтер ОАО   Гедеон, Венгрия; Фармаимпекс;https://b-apteka.ru/search?q=%D0%B0%D1%82%D1%80%D0%B8%20%D0%B8%D0%BD%D0%B6;Пермь;1 160 ₽
24-03-2022;;Протез синовиал жид Гиалон 60мг/4мл 4мл №1 шприц р-р д/ин.в/суст Фидия Фармацеутици С.п.А.   Фидия Фармацеутици С.п.А., Италия; Фармаимпекс;https://b-apteka.ru/search?q=%D0%B3%D0%B8%D0%B0%D0%BB%D0%BE%D0%BD;Пермь;23 037 ₽
24-03-2022;;Гиалуром 1,5% 2мл №1 шпр р-р д/ин.в/суст Ромфарм Компани К.О. С.Р.Л.   Ромфарм, Румыния; Фармаимпекс;https://b-apteka.ru/search?q=%D0%B3%D0%B8%D0%B0%D0%BB%D1%83%D1%80%D0%BE%D0%BC;Пермь;7 990 ₽
24-03-2022;;Гиалуром Тендон 40мг/2мл 2мл №1 шприц р-р д/ин.в/суст/сухож Ромфарм Компани К.О. С.Р.Л.   Ромфарм, Румыния; Фармаимпекс;https://b-apteka.ru/search?q=%D0%B3%D0%B8%D0%B0%D0%BB%D1%83%D1%80%D0%BE%D0%BC;Пермь;8 990 ₽
24-03-2022;;Протез синовиал жид Гиалуром CS 60мг+90мг/3мл 3мл шприц р-р д/ин.в/суст Ромфарм Компани К.О. С.Р.Л.   Ромфарм, Румыния; Фармаимпекс;https://b-apteka.ru/search?q=%D0%B3%D0%B8%D0%B0%D0%BB%D1%83%D1%80%D0%BE%D0%BC;Пермь;14 690 ₽
24-03-2022;;Гиалера 15мл №6 стик Алпифлор с.р.л.   Алпифлор, Италия; Фармаимпекс;https://b-apteka.ru/search?q=%D0%B3%D0%B8%D0%B0%D0%BB%D1%83%D1%80%D0%BE%D0%BC;Пермь;487 ₽
24-03-2022;;Либридерм гиалурон блеск-уход для губ 5в1 7мл Гамма Косметик ООО   Гамма Косметик ООО, Россия; Фармаимпекс;https://b-apteka.ru/search?q=%D0%B3%D0%B8%D0%B0%D0%BB%D1%83%D1%80%D0%BE%D0%BC;Пермь;440 ₽
24-03-2022;;Либридерм гиалурон помада гигиенич увлаж 4г Векерле ГмбХ   Векерле, Германия; Фармаимпекс;https://b-apteka.ru/search?q=%D0%B3%D0%B8%D0%B0%D0%BB%D1%83%D1%80%D0%BE%D0%BC;Пермь;284 ₽
24-03-2022;;Гиалурол ZD эликсир вокруг глаз 50мл Зеленая Дубрава ЗАО   Зеленая Дубрава, Россия; Фармаимпекс;https://b-apteka.ru/search?q=%D0%B3%D0%B8%D0%B0%D0%BB%D1%83%D1%80%D0%BE%D0%BC;Пермь;95 ₽
24-03-2022;;Гиалурол ZD крем для лица/декольте 50мл Зеленая Дубрава ЗАО   Зеленая Дубрава, Россия; Фармаимпекс;https://b-apteka.ru/search?q=%D0%B3%D0%B8%D0%B0%D0%BB%D1%83%D1%80%D0%BE%D0%BC;Пермь;95 ₽
24-03-2022;;Гиалурол ZD гель для всех типов кожи 50мл Зеленая Дубрава ЗАО   Зеленая Дубрава, Россия; Фармаимпекс;https://b-apteka.ru/search?q=%D0%B3%D0%B8%D0%B0%D0%BB%D1%83%D1%80%D0%BE%D0%BC;Пермь;95 ₽
24-03-2022;;Гиалурол ZD крем-пудра 50мл Зеленая Дубрава ЗАО   Зеленая Дубрава, Россия; Фармаимпекс;https://b-apteka.ru/search?q=%D0%B3%D0%B8%D0%B0%D0%BB%D1%83%D1%80%D0%BE%D0%BC;Пермь;95 ₽
24-03-2022;;Улекс Гиалурон кислота тоник д/лица чистая кожа очищ/освеж 120мл UL031-14 ДжинЯхонг файн кемикал ко ЛТД   ДжинЯхонг; Фармаимпекс;https://b-apteka.ru/search?q=%D0%B3%D0%B8%D0%B0%D0%BB%D1%83%D1%80%D0%BE%D0%BC;Пермь;515 ₽
24-03-2022;;Улекс Гиалурон кислота крем-гель вокруг глаз 25мл UL035-14 ДжинЯхонг файн кемикал ко ЛТД   ДжинЯхонг; Фармаимпекс;https://b-apteka.ru/search?q=%D0%B3%D0%B8%D0%B0%D0%BB%D1%83%D1%80%D0%BE%D0%BC;Пермь;273 ₽
24-03-2022;;Гиалуформ Синовиаль материал-гель для в/сустав/введ 1% 2мл шприц Лаборатория Тоскани ООО   Лаборатория Тоскани ООО, Россия; Фармаимпекс;https://b-apteka.ru/search?q=%D0%B3%D0%B8%D0%B0%D0%BB%D1%83%D1%84%D0%BE%D1%80%D0%BC%20%D1%81%D0%B8%D0%BD%D0%BE%D0%B2%D0%B8%D0%B0%D0%BB%D1%8C;Пермь;7 796 ₽
24-03-2022;;Протез синовиал жид Гоу-он 1% 2,5мл №1 шприц Роттафарм Лтд   Роттафарм Лтд, Ирландия; Фармаимпекс;https://b-apteka.ru/search?q=%D0%B3%D0%BE%D1%83-%D0%BE%D0%BD;Пермь;4 178 ₽
24-03-2022;;Диара 2мг №30 капс. Алиум АО   Алиум, Россия; Фармаимпекс;https://b-apteka.ru/search?q=%D0%B4%D0%B8%D0%B0%D1%80%D1%82;Пермь;81 ₽
24-03-2022;;Диара 2мг №12 таб.жев. Оболенское-фармацевтическое предприятие АО   Оболенское, Россия; Фармаимпекс;https://b-apteka.ru/search?q=%D0%B4%D0%B8%D0%B0%D1%80%D1%82;Пермь;100 ₽
24-03-2022;;Диара 2мг №10 капс. Оболенское-фармацевтическое предприятие АО   Оболенское, Россия; Фармаимпекс;https://b-apteka.ru/search?q=%D0%B4%D0%B8%D0%B0%D1%80%D1%82;Пермь;29 ₽
24-03-2022;;Лоперамид-Штада 2мг №20 капс. Хемофарм ООО   Хемофарм, Россия; Фармаимпекс;https://b-apteka.ru/search?q=%D0%B4%D0%B8%D0%B0%D1%80%D1%82;Пермь;38 ₽
24-03-2022;;Лопедиум 2мг №10 капс. Салютас Фарма ГмбХ   Салютас, Германия; Фармаимпекс;https://b-apteka.ru/search?q=%D0%B4%D0%B8%D0%B0%D1%80%D1%82;Пермь;28 ₽
24-03-2022;;Лоперамид 2мг №10 капс. Производство медикаментов ООО   Производство медикаментов ООО, Россия; Фармаимпекс;https://b-apteka.ru/search?q=%D0%B4%D0%B8%D0%B0%D1%80%D1%82;Пермь;29 ₽
24-03-2022;;Лоперамид-Акрихин 2мг №20 капс. Акрихин Химико-фарм комбинат ОАО   Акрихин, Россия; Фармаимпекс;https://b-apteka.ru/search?q=%D0%B4%D0%B8%D0%B0%D1%80%D1%82;Пермь;59 ₽
24-03-2022;;Лопедиум 2мг №10 таб. Салютас Фарма ГмбХ   Салютас, Германия; Фармаимпекс;https://b-apteka.ru/search?q=%D0%B4%D0%B8%D0%B0%D1%80%D1%82;Пермь;60 ₽
24-03-2022;;Имодиум Экспресс 2мг №6 таб.лиоф. Каталент Ю.К.СвиндонЗидис Лтд   Каталент , Великобритания; Фармаимпекс;https://b-apteka.ru/search?q=%D0%B4%D0%B8%D0%B0%D1%80%D1%82;Пермь;176 ₽
24-03-2022;;Имодиум Экспресс 2мг №10 таб.лиоф. Каталент Ю.К.СвиндонЗидис Лтд   Каталент , Великобритания; Фармаимпекс;https://b-apteka.ru/search?q=%D0%B4%D0%B8%D0%B0%D1%80%D1%82;Пермь;239 ₽
24-03-2022;;Имодиум Экспресс 2мг №20 таб.лиоф. Каталент Ю.К.СвиндонЗидис Лтд   Каталент , Великобритания; Фармаимпекс;https://b-apteka.ru/search?q=%D0%B4%D0%B8%D0%B0%D1%80%D1%82;Пермь;419 ₽
24-03-2022;;Дьюралан 60мг/3мл №1 шприц Биовентус ЭлЭлСи   Биовентус, Сша; Фармаимпекс;https://b-apteka.ru/search?q=%D0%B4%D1%8C%D1%8E%D1%80%D0%B0%D0%BB%D0%B0%D0%BD;Пермь;22 306 ₽
24-03-2022;;Интраджект ср-во для замещения синовиальной жидкости 1,8% 2мл шприц инд уп ФБК ООО   ФБК, Россия; Фармаимпекс;https://b-apteka.ru/search?q=%D0%B8%D0%BD%D1%82%D1%80%D0%B0%D0%B4%D0%B6%D0%B5%D0%BA%D1%82;Пермь;9 163 ₽
24-03-2022;;Протез синовиал жид Нолтрексин 2мл №1 шприц р-р д/ин.в/суст Бионолтра АО   Бионолтра, Швейцария; Фармаимпекс;https://b-apteka.ru/search?q=%D0%BD%D0%BE%D0%BB%D1%82%D1%80%D0%B5%D0%BA%D1%81%D0%B8%D0%BD;Пермь;9 420 ₽
24-03-2022;;Ост Тендон гиалуронат натрия 20мг/мл 2мл №1 шприц р-р д/ин.в/суст/сухож Химедика АГ ТРБ   Химедика АГ ТРБ, Германия; Фармаимпекс;https://b-apteka.ru/search?q=%D0%BE%D1%81%D1%82%20%D1%82%D0%B5%D0%BD%D0%B4%D0%BE%D0%BB;Пермь;6 633 ₽
24-03-2022;;Остенил плюс имплантат вязкоупр д/в/суст/ин 40мг/2мл шприц о/р Химедика АГ ТРБ   Химедика АГ ТРБ, Германия; Фармаимпекс;https://b-apteka.ru/search?q=%D0%BE%D1%81%D1%82%D0%B5%D0%BD%D0%B8%D0%BB;Пермь;8 169 ₽
24-03-2022;;Остенил имплантат вязкоупр д/в/суст/ин 20мг/2мл шприц о/р Химедика АГ ТРБ   Химедика АГ ТРБ, Германия; Фармаимпекс;https://b-apteka.ru/search?q=%D0%BE%D1%81%D1%82%D0%B5%D0%BD%D0%B8%D0%BB;Пермь;2 505 ₽
24-03-2022;;Остенил мини имплантат вязкоупр д/в/суст/ин 10мг/1мл шприц о/р Химедика АГ ТРБ   Химедика АГ ТРБ, Германия; Фармаимпекс;https://b-apteka.ru/search?q=%D0%BE%D1%81%D1%82%D0%B5%D0%BD%D0%B8%D0%BB;Пермь;2 376 ₽
24-03-2022;;Колхикум-Дисперт 500мкг №20 таб.п/о Хаупт Фарма Вюльфинг ГмбХ   Хаупт Фарма Вюльфинг ГмбХ, Германия; Фармаимпекс;https://b-apteka.ru/search?q=%D0%BE%D1%81%D1%82%D0%B5%D0%BD%D0%B8%D0%BB;Пермь;903 ₽
24-03-2022;;Рипарт форте ср-во д/замещ/синовиал/жид-ти 15мг/мл 3мл шприц Ингал ООО   Ингал, Россия; Фармаимпекс;https://b-apteka.ru/search?q=%D1%80%D0%B8%D0%BF%D0%B0%D1%80%D1%82;Пермь;9 990 ₽
24-03-2022;;Рипарт ср-во д/замещ/синовиал/жид-ти 10мг/мл 2мл шприц Ингал ООО   Ингал, Россия; Фармаимпекс;https://b-apteka.ru/search?q=%D1%80%D0%B8%D0%BF%D0%B0%D1%80%D1%82;Пермь;4 390 ₽
24-03-2022;;Рипарт ср-во д/замещ/синовиал/жид-ти 10мг/мл 3мл шприц Ингал ООО   Ингал, Россия; Фармаимпекс;https://b-apteka.ru/search?q=%D1%80%D0%B8%D0%BF%D0%B0%D1%80%D1%82;Пермь;8 225 ₽
24-03-2022;;Рипарт лонг ср-во д/замещ/синовиал/жид-ти 20мг/мл 2мл шприц Ингал ООО   Ингал, Россия; Фармаимпекс;https://b-apteka.ru/search?q=%D1%80%D0%B8%D0%BF%D0%B0%D1%80%D1%82;Пермь;10 650 ₽
24-03-2022;;Рипарт лонг ср-во д/замещ/синовиал/жид-ти 20мг/мл 3мл шприц Ингал ООО   Ингал, Россия; Фармаимпекс;https://b-apteka.ru/search?q=%D1%80%D0%B8%D0%BF%D0%B0%D1%80%D1%82;Пермь;18 420 ₽
24-03-2022;;Протез синовиал жид Ферматрон плюс 1,5% 2мл №1 шприц Хайэлтек Лтд   Хайэлтек Лтд, Великобритания; Фармаимпекс;https://b-apteka.ru/search?q=%D1%84%D0%B5%D1%80%D0%BC%D0%B0%D1%82%D1%80%D0%BE%D0%BD;Пермь;7 650 ₽
24-03-2022;;Протез синовиал жид Ферматрон С 2,3% 3мл №1 шприц Хайэлтек Лтд   Хайэлтек Лтд, Великобритания; Фармаимпекс;https://b-apteka.ru/search?q=%D1%84%D0%B5%D1%80%D0%BC%D0%B0%D1%82%D1%80%D0%BE%D0%BD;Пермь;17 990 ₽
24-03-2022;;Протез синовиал жид Ферматрон 1% 2мл №1 шприц Хайэлтек Лтд   Хайэлтек Лтд, Великобритания; Фармаимпекс;https://b-apteka.ru/search?q=%D1%84%D0%B5%D1%80%D0%BC%D0%B0%D1%82%D1%80%D0%BE%D0%BD;Пермь;5 543 ₽
24-03-2022;;Флексотрон Кросс 60мг/3мл 3мл шприц имплантат вязкоэласт д/в/суст/ин СайВижн Байотек Инк   СайВижн Байотек, Тайвань; Фармаимпекс;https://b-apteka.ru/search?q=%D1%84%D0%BB%D0%B5%D0%BA%D1%81%D0%BE%D1%82%D1%80%D0%BE%D0%BD;Пермь;18 150 ₽
24-03-2022;;Флексотрон Смарт 16мг/мл 2мл шприц имплантат вязкоэласт д/в/суст/ин Албомед Гмбх   Албомед Гмбх, Германия; Фармаимпекс;https://b-apteka.ru/search?q=%D1%84%D0%BB%D0%B5%D0%BA%D1%81%D0%BE%D1%82%D1%80%D0%BE%D0%BD;Пермь;7 750 ₽
24-03-2022;;Флексотрон Соло 22мг/мл 2мл шприц имплантат вязкоэласт д/в/суст/ин Албомед Гмбх   Албомед Гмбх, Германия; Фармаимпекс;https://b-apteka.ru/search?q=%D1%84%D0%BB%D0%B5%D0%BA%D1%81%D0%BE%D1%82%D1%80%D0%BE%D0%BD;Пермь;15 750 ₽
24-03-2022;;Флексотрон Ультра 2,5% 4,8мл шприц имплантат д/в/суст/ин вязкоэластич стер Албомед Гмбх   Албомед Гмбх, Германия; Фармаимпекс;https://b-apteka.ru/search?q=%D1%84%D0%BB%D0%B5%D0%BA%D1%81%D0%BE%D1%82%D1%80%D0%BE%D0%BD;Пермь;19 749 ₽
24-03-2022;;Хаймовис 24мг/мл 3мл №2 шприц р-р д/ин.в/суст НДС10% Фидия Фармацеутици С.п.А.   Фидия Фармацеутици С.п.А., Италия; Фармаимпекс;https://b-apteka.ru/search?q=%D1%85%D0%B0%D0%B9%D0%BC%D0%BE%D0%B2%D0%B8%D1%81;Пермь;26 000 ₽
24-03-2022;;Хронотрон 20мг/мл 2мл №1 имплантат гель д/в/суст/инъекций Мастелли С.р.л.   Мастелли, Италия; Фармаимпекс;https://b-apteka.ru/search?q=%D1%85%D1%80%D0%BE%D0%BD%D0%BE%D1%82%D1%80%D0%BE%D0%BD;Пермь;9 259 ₽
24-03-2022;;Элокс-СОЛОфарм 10мг/мл 1,5мл №5 амп. р-р д/ин.в/м Гротекс ООО   Гротекс, Россия; Фармаимпекс;https://b-apteka.ru/search?q=%D0%BC%D0%BE%D0%B2%D0%B0%D0%BB%D0%B8%D1%81;Пермь;409 ₽
24-03-2022;;Мовалис 15мг №10 таб. Берингер ИнгельхаймЭллас АЕ   Берингер , Греция; Фармаимпекс;https://b-apteka.ru/search?q=%D0%BC%D0%BE%D0%B2%D0%B0%D0%BB%D0%B8%D1%81;Пермь;593 ₽
24-03-2022;;Мовалис 15мг №20 таб. Берингер ИнгельхаймЭллас АЕ   Берингер , Греция; Фармаимпекс;https://b-apteka.ru/search?q=%D0%BC%D0%BE%D0%B2%D0%B0%D0%BB%D0%B8%D1%81;Пермь;859 ₽
24-03-2022;;Мовалис 7,5мг №20 таб. Берингер ИнгельхаймЭллас АЕ   Берингер , Греция; Фармаимпекс;https://b-apteka.ru/search?q=%D0%BC%D0%BE%D0%B2%D0%B0%D0%BB%D0%B8%D1%81;Пермь;735 ₽
24-03-2022;;Мовалис 15мг/1,5мл 1,5мл №5 амп р-р д/ин.в/м Берингер ИнгельхаймЭспана СА   Берингер , Испания; Фармаимпекс;https://b-apteka.ru/search?q=%D0%BC%D0%BE%D0%B2%D0%B0%D0%BB%D0%B8%D1%81;Пермь;1 055 ₽
24-03-2022;;Мовалис 15мг/1,5мл 1,5мл №3 амп р-р д/ин.в/м Берингер ИнгельхаймЭспана СА   Берингер , Испания; Фармаимпекс;https://b-apteka.ru/search?q=%D0%BC%D0%BE%D0%B2%D0%B0%D0%BB%D0%B8%D1%81;Пермь;799 ₽
24-03-2022;;Мелоксикам Канон 1% 50г туба гель д/наруж.прим Тульская фармфабрика ООО   Тульская фармфабрика, Россия; Фармаимпекс;https://b-apteka.ru/search?q=%D0%BC%D0%BE%D0%B2%D0%B0%D0%BB%D0%B8%D1%81;Пермь;222 ₽
24-03-2022;;Мелоксикам Вертекс 15мг №20 таб. Вертекс АО   Вертекс, Россия; Фармаимпекс;https://b-apteka.ru/search?q=%D0%BC%D0%BE%D0%B2%D0%B0%D0%BB%D0%B8%D1%81;Пермь;238 ₽
24-03-2022;;Мелоксикам 7,5мг №20 таб. Канонфарма продакшн ЗАО   Канонфарма, Россия; Фармаимпекс;https://b-apteka.ru/search?q=%D0%BC%D0%BE%D0%B2%D0%B0%D0%BB%D0%B8%D1%81;Пермь;79 ₽
24-03-2022;;Амелотекс 15мг №6 супп. рект. Фармпроект АО   Фармпроект, Россия; Фармаимпекс;https://b-apteka.ru/search?q=%D0%BC%D0%BE%D0%B2%D0%B0%D0%BB%D0%B8%D1%81;Пермь;296 ₽
24-03-2022;;Амелотекс 7,5мг №6 супп. рект. Фармпроект АО   Фармпроект, Россия; Фармаимпекс;https://b-apteka.ru/search?q=%D0%BC%D0%BE%D0%B2%D0%B0%D0%BB%D0%B8%D1%81;Пермь;155 ₽
24-03-2022;;Мелоксикам 15мг №20 таб. Озон ООО   Озон, Россия; Фармаимпекс;https://b-apteka.ru/search?q=%D0%BC%D0%BE%D0%B2%D0%B0%D0%BB%D0%B8%D1%81;Пермь;124 ₽
24-03-2022;;Амелотекс 15мг №6 супп. рект. Фармпроект АО   Фармпроект, Россия; Фармаимпекс;https://b-apteka.ru/search?q=%D0%B0%D0%BC%D0%B5%D0%BB%D0%BE%D1%82%D0%B5%D0%BA%D1%81;Пермь;296 ₽
24-03-2022;;Амелотекс 7,5мг №6 супп. рект. Фармпроект АО   Фармпроект, Россия; Фармаимпекс;https://b-apteka.ru/search?q=%D0%B0%D0%BC%D0%B5%D0%BB%D0%BE%D1%82%D0%B5%D0%BA%D1%81;Пермь;155 ₽
24-03-2022;;Амелотекс 15мг №20 таб. Реплек Фарм ООО Скопье   Реплекфарм, Македония; Фармаимпекс;https://b-apteka.ru/search?q=%D0%B0%D0%BC%D0%B5%D0%BB%D0%BE%D1%82%D0%B5%D0%BA%D1%81;Пермь;253 ₽
24-03-2022;;Амелотекс 1% 50г туба гель д/наруж.прим. Озон ООО   Озон, Россия; Фармаимпекс;https://b-apteka.ru/search?q=%D0%B0%D0%BC%D0%B5%D0%BB%D0%BE%D1%82%D0%B5%D0%BA%D1%81;Пермь;350 ₽
24-03-2022;;Амелотекс 7,5мг №20 таб. Реплек Фарм ООО Скопье   Реплекфарм, Македония; Фармаимпекс;https://b-apteka.ru/search?q=%D0%B0%D0%BC%D0%B5%D0%BB%D0%BE%D1%82%D0%B5%D0%BA%D1%81;Пермь;210 ₽
24-03-2022;;Амелотекс 10мг/мл 1,5мл №3 амп р-р д/ин.в/м Сотекс ФармФирма ЗАО   Сотекс, Россия; Фармаимпекс;https://b-apteka.ru/search?q=%D0%B0%D0%BC%D0%B5%D0%BB%D0%BE%D1%82%D0%B5%D0%BA%D1%81;Пермь;305 ₽
24-03-2022;;Амелотекс 10мг/мл 1,5мл №5 амп р-р д/ин.в/м Сотекс ФармФирма ЗАО   Сотекс, Россия; Фармаимпекс;https://b-apteka.ru/search?q=%D0%B0%D0%BC%D0%B5%D0%BB%D0%BE%D1%82%D0%B5%D0%BA%D1%81;Пермь;415 ₽
24-03-2022;;Амелотекс 15мг №10 таб. Реплек Фарм ООО Скопье   Реплекфарм, Македония; Фармаимпекс;https://b-apteka.ru/search?q=%D0%B0%D0%BC%D0%B5%D0%BB%D0%BE%D1%82%D0%B5%D0%BA%D1%81;Пермь;208 ₽
24-03-2022;;Амелотекс 10мг/мл 1,5мл №10 амп. р-р д/ин.в/м Сотекс ФармФирма ЗАО   Сотекс, Россия; Фармаимпекс;https://b-apteka.ru/search?q=%D0%B0%D0%BC%D0%B5%D0%BB%D0%BE%D1%82%D0%B5%D0%BA%D1%81;Пермь;655 ₽
24-03-2022;;Амелотекс 15мг №20 таб. Сотекс ФармФирма ЗАО   Сотекс, Россия; Фармаимпекс;https://b-apteka.ru/search?q=%D0%B0%D0%BC%D0%B5%D0%BB%D0%BE%D1%82%D0%B5%D0%BA%D1%81;Пермь;398 ₽
24-03-2022;;Амелотекс 1% 30г гель д/наруж.прим. Озон ООО   Озон, Россия; Фармаимпекс;https://b-apteka.ru/search?q=%D0%B0%D0%BC%D0%B5%D0%BB%D0%BE%D1%82%D0%B5%D0%BA%D1%81;Пермь;295 ₽
24-03-2022;;Мелоксикам Канон 1% 50г туба гель д/наруж.прим Тульская фармфабрика ООО   Тульская фармфабрика, Россия; Фармаимпекс;https://b-apteka.ru/search?q=%D0%B0%D0%BC%D0%B5%D0%BB%D0%BE%D1%82%D0%B5%D0%BA%D1%81;Пермь;222 ₽
24-03-2022;;Вольтарен эмульгель 2% 100г туба гель д/наруж.прим. ГСК Консьюмер Хелскер С.А.   ГСК Консьюмер Хелс, Швейцария; Фармаимпекс;https://b-apteka.ru/search?q=%D0%BC%D0%B5%D0%BB%D0%BE%D0%BA%D1%81%D0%B8%D0%BA%D0%B0%D0%BC;Пермь;1 050 ₽
24-03-2022;;Мелоксикам 7,5мг №20 таб. Канонфарма продакшн ЗАО   Канонфарма, Россия; Фармаимпекс;https://b-apteka.ru/search?q=%D0%BC%D0%B5%D0%BB%D0%BE%D0%BA%D1%81%D0%B8%D0%BA%D0%B0%D0%BC;Пермь;79 ₽
24-03-2022;;Мелоксикам 15мг №20 таб. Озон ООО   Озон, Россия; Фармаимпекс;https://b-apteka.ru/search?q=%D0%BC%D0%B5%D0%BB%D0%BE%D0%BA%D1%81%D0%B8%D0%BA%D0%B0%D0%BC;Пермь;124 ₽
24-03-2022;;Мелоксикам 15мг №20 таб. Медисорб ЗАО   Медисорб, Россия; Фармаимпекс;https://b-apteka.ru/search?q=%D0%BC%D0%B5%D0%BB%D0%BE%D0%BA%D1%81%D0%B8%D0%BA%D0%B0%D0%BC;Пермь;149 ₽
24-03-2022;;Мелоксикам 7,5мг №20 таб. Медисорб ЗАО   Медисорб, Россия; Фармаимпекс;https://b-apteka.ru/search?q=%D0%BC%D0%B5%D0%BB%D0%BE%D0%BA%D1%81%D0%B8%D0%BA%D0%B0%D0%BC;Пермь;79 ₽
24-03-2022;;Мелоксикам 15мг №20 таб. Синтез ОАО   Синтез, Россия; Фармаимпекс;https://b-apteka.ru/search?q=%D0%BC%D0%B5%D0%BB%D0%BE%D0%BA%D1%81%D0%B8%D0%BA%D0%B0%D0%BC;Пермь;124 ₽
24-03-2022;;Мелоксикам 7,5мг №20 таб. Озон ООО   Озон, Россия; Фармаимпекс;https://b-apteka.ru/search?q=%D0%BC%D0%B5%D0%BB%D0%BE%D0%BA%D1%81%D0%B8%D0%BA%D0%B0%D0%BC;Пермь;139 ₽
24-03-2022;;Мелоксикам 10мг/мл 1,5мл №5 амп. р-р д/ин.в/м Биосинтез ПАО   Биосинтез, Россия; Фармаимпекс;https://b-apteka.ru/search?q=%D0%BC%D0%B5%D0%BB%D0%BE%D0%BA%D1%81%D0%B8%D0%BA%D0%B0%D0%BC;Пермь;265 ₽
24-03-2022;;Мелоксикам 10мг/мл 1,5мл №5 амп. р-р д/ин.в/м Московский эндокринный завод ФГУП   Московский эндокринн.з-д, Россия; Фармаимпекс;https://b-apteka.ru/search?q=%D0%BC%D0%B5%D0%BB%D0%BE%D0%BA%D1%81%D0%B8%D0%BA%D0%B0%D0%BC;Пермь;361 ₽
24-03-2022;;Мелоксикам 10мг/мл 1,5мл №3 амп. р-р д/ин.в/м Озон ООО   Озон, Россия; Фармаимпекс;https://b-apteka.ru/search?q=%D0%BC%D0%B5%D0%BB%D0%BE%D0%BA%D1%81%D0%B8%D0%BA%D0%B0%D0%BC;Пермь;253 ₽
24-03-2022;;Мелоксикам Канон 1% 50г туба гель д/наруж.прим Тульская фармфабрика ООО   Тульская фармфабрика, Россия; Фармаимпекс;https://b-apteka.ru/search?q=%D0%BC%D0%B5%D0%BB%D0%BE%D0%BA%D1%81%D0%B8%D0%BA%D0%B0%D0%BC;Пермь;222 ₽
24-03-2022;;Мелоксикам Медисорб 15мг №20 таб. Медисорб АО   Медисорб, Россия; Фармаимпекс;https://b-apteka.ru/search?q=%D0%BC%D0%B5%D0%BB%D0%BE%D0%BA%D1%81%D0%B8%D0%BA%D0%B0%D0%BC;Пермь;149 ₽
24-03-2022;;Артрозан 15мг №10 таб. Фармстандарт-Лексредства ОАО   Фармстандарт, Россия; Фармаимпекс;https://b-apteka.ru/search?q=%D0%B0%D1%80%D1%82%D1%80%D0%BE%D0%B7%D0%B0%D0%BD;Пермь;176 ₽
24-03-2022;;Артрозан 15мг №20 таб. Фармстандарт-Лексредства ОАО   Фармстандарт, Россия; Фармаимпекс;https://b-apteka.ru/search?q=%D0%B0%D1%80%D1%82%D1%80%D0%BE%D0%B7%D0%B0%D0%BD;Пермь;321 ₽
24-03-2022;;Артрозан 6мг/мл 2,5мл №10 амп.полимер р-р д/ин.в/м Фармстандарт-УфаВИТА ОАО   Фармстандарт, Россия; Фармаимпекс;https://b-apteka.ru/search?q=%D0%B0%D1%80%D1%82%D1%80%D0%BE%D0%B7%D0%B0%D0%BD;Пермь;690 ₽
24-03-2022;;Артрозан 6мг/мл 2,5мл №5 амп. р-р д/ин.в/м Фармстандарт-УфаВИТА ОАО   Фармстандарт, Россия; Фармаимпекс;https://b-apteka.ru/search?q=%D0%B0%D1%80%D1%82%D1%80%D0%BE%D0%B7%D0%B0%D0%BD;Пермь;504 ₽
24-03-2022;;Мелоксикам Канон 1% 50г туба гель д/наруж.прим Тульская фармфабрика ООО   Тульская фармфабрика, Россия; Фармаимпекс;https://b-apteka.ru/search?q=%D0%B0%D1%80%D1%82%D1%80%D0%BE%D0%B7%D0%B0%D0%BD;Пермь;222 ₽
24-03-2022;;Мелоксикам Вертекс 15мг №20 таб. Вертекс АО   Вертекс, Россия; Фармаимпекс;https://b-apteka.ru/search?q=%D0%B0%D1%80%D1%82%D1%80%D0%BE%D0%B7%D0%B0%D0%BD;Пермь;238 ₽
24-03-2022;;Мелоксикам 7,5мг №20 таб. Канонфарма продакшн ЗАО   Канонфарма, Россия; Фармаимпекс;https://b-apteka.ru/search?q=%D0%B0%D1%80%D1%82%D1%80%D0%BE%D0%B7%D0%B0%D0%BD;Пермь;79 ₽
24-03-2022;;Амелотекс 15мг №6 супп. рект. Фармпроект АО   Фармпроект, Россия; Фармаимпекс;https://b-apteka.ru/search?q=%D0%B0%D1%80%D1%82%D1%80%D0%BE%D0%B7%D0%B0%D0%BD;Пермь;296 ₽
24-03-2022;;Амелотекс 7,5мг №6 супп. рект. Фармпроект АО   Фармпроект, Россия; Фармаимпекс;https://b-apteka.ru/search?q=%D0%B0%D1%80%D1%82%D1%80%D0%BE%D0%B7%D0%B0%D0%BD;Пермь;155 ₽
24-03-2022;;Мелоксикам 15мг №20 таб. Озон ООО   Озон, Россия; Фармаимпекс;https://b-apteka.ru/search?q=%D0%B0%D1%80%D1%82%D1%80%D0%BE%D0%B7%D0%B0%D0%BD;Пермь;124 ₽
24-03-2022;;Мовалис 15мг №10 таб. Берингер ИнгельхаймЭллас АЕ   Берингер , Греция; Фармаимпекс;https://b-apteka.ru/search?q=%D0%B0%D1%80%D1%82%D1%80%D0%BE%D0%B7%D0%B0%D0%BD;Пермь;593 ₽
24-03-2022;;Амелотекс 15мг №20 таб. Реплек Фарм ООО Скопье   Реплекфарм, Македония; Фармаимпекс;https://b-apteka.ru/search?q=%D0%B0%D1%80%D1%82%D1%80%D0%BE%D0%B7%D0%B0%D0%BD;Пермь;253 ₽
24-03-2022;;Мовасин 10мг/мл 1,5мл №3 амп. р-р д/ин.в/м Синтез ОАО   Синтез, Россия; Фармаимпекс;https://b-apteka.ru/search?q=%D0%BC%D0%BE%D0%B2%D0%B0%D1%81%D0%B8%D0%BD;Пермь;165 ₽
24-03-2022;;Мовасин 15мг №20 таб. Синтез ОАО   Синтез, Россия; Фармаимпекс;https://b-apteka.ru/search?q=%D0%BC%D0%BE%D0%B2%D0%B0%D1%81%D0%B8%D0%BD;Пермь;94 ₽
24-03-2022;;Мовасин 7,5мг №20 таб. Синтез ОАО   Синтез, Россия; Фармаимпекс;https://b-apteka.ru/search?q=%D0%BC%D0%BE%D0%B2%D0%B0%D1%81%D0%B8%D0%BD;Пермь;76 ₽
24-03-2022;;Мовасин 10мг/мл 1,5мл №5 амп р-р д/ин.в/м Синтез ОАО   Синтез, Россия; Фармаимпекс;https://b-apteka.ru/search?q=%D0%BC%D0%BE%D0%B2%D0%B0%D1%81%D0%B8%D0%BD;Пермь;367 ₽
24-03-2022;;Мелоксикам Канон 1% 50г туба гель д/наруж.прим Тульская фармфабрика ООО   Тульская фармфабрика, Россия; Фармаимпекс;https://b-apteka.ru/search?q=%D0%BC%D0%BE%D0%B2%D0%B0%D1%81%D0%B8%D0%BD;Пермь;222 ₽
24-03-2022;;Мелоксикам Вертекс 15мг №20 таб. Вертекс АО   Вертекс, Россия; Фармаимпекс;https://b-apteka.ru/search?q=%D0%BC%D0%BE%D0%B2%D0%B0%D1%81%D0%B8%D0%BD;Пермь;238 ₽
24-03-2022;;Мелоксикам 7,5мг №20 таб. Канонфарма продакшн ЗАО   Канонфарма, Россия; Фармаимпекс;https://b-apteka.ru/search?q=%D0%BC%D0%BE%D0%B2%D0%B0%D1%81%D0%B8%D0%BD;Пермь;79 ₽
24-03-2022;;Амелотекс 15мг №6 супп. рект. Фармпроект АО   Фармпроект, Россия; Фармаимпекс;https://b-apteka.ru/search?q=%D0%BC%D0%BE%D0%B2%D0%B0%D1%81%D0%B8%D0%BD;Пермь;296 ₽
24-03-2022;;Амелотекс 7,5мг №6 супп. рект. Фармпроект АО   Фармпроект, Россия; Фармаимпекс;https://b-apteka.ru/search?q=%D0%BC%D0%BE%D0%B2%D0%B0%D1%81%D0%B8%D0%BD;Пермь;155 ₽
24-03-2022;;Мелоксикам 15мг №20 таб. Озон ООО   Озон, Россия; Фармаимпекс;https://b-apteka.ru/search?q=%D0%BC%D0%BE%D0%B2%D0%B0%D1%81%D0%B8%D0%BD;Пермь;124 ₽
24-03-2022;;Мовалис 15мг №10 таб. Берингер ИнгельхаймЭллас АЕ   Берингер , Греция; Фармаимпекс;https://b-apteka.ru/search?q=%D0%BC%D0%BE%D0%B2%D0%B0%D1%81%D0%B8%D0%BD;Пермь;593 ₽
24-03-2022;;Артрозан 15мг №10 таб. Фармстандарт-Лексредства ОАО   Фармстандарт, Россия; Фармаимпекс;https://b-apteka.ru/search?q=%D0%BC%D0%BE%D0%B2%D0%B0%D1%81%D0%B8%D0%BD;Пермь;176 ₽
24-03-2022;;Генитрон 10мг/мл 1,5мл №5 амп. р-р д/ин.в/м Велфарм ООО   Велфарм, Россия; Фармаимпекс;https://b-apteka.ru/search?q=%D0%B3%D0%B5%D0%BD%D0%B8%D1%82%D1%80%D0%BE%D0%BD;Пермь;704 ₽
24-03-2022;;Мелоксикам Канон 1% 50г туба гель д/наруж.прим Тульская фармфабрика ООО   Тульская фармфабрика, Россия; Фармаимпекс;https://b-apteka.ru/search?q=%D0%B3%D0%B5%D0%BD%D0%B8%D1%82%D1%80%D0%BE%D0%BD;Пермь;222 ₽
24-03-2022;;Мелоксикам Вертекс 15мг №20 таб. Вертекс АО   Вертекс, Россия; Фармаимпекс;https://b-apteka.ru/search?q=%D0%B3%D0%B5%D0%BD%D0%B8%D1%82%D1%80%D0%BE%D0%BD;Пермь;238 ₽
24-03-2022;;Мелоксикам 7,5мг №20 таб. Канонфарма продакшн ЗАО   Канонфарма, Россия; Фармаимпекс;https://b-apteka.ru/search?q=%D0%B3%D0%B5%D0%BD%D0%B8%D1%82%D1%80%D0%BE%D0%BD;Пермь;79 ₽
24-03-2022;;Амелотекс 15мг №6 супп. рект. Фармпроект АО   Фармпроект, Россия; Фармаимпекс;https://b-apteka.ru/search?q=%D0%B3%D0%B5%D0%BD%D0%B8%D1%82%D1%80%D0%BE%D0%BD;Пермь;296 ₽
24-03-2022;;Амелотекс 7,5мг №6 супп. рект. Фармпроект АО   Фармпроект, Россия; Фармаимпекс;https://b-apteka.ru/search?q=%D0%B3%D0%B5%D0%BD%D0%B8%D1%82%D1%80%D0%BE%D0%BD;Пермь;155 ₽
24-03-2022;;Мелоксикам 15мг №20 таб. Озон ООО   Озон, Россия; Фармаимпекс;https://b-apteka.ru/search?q=%D0%B3%D0%B5%D0%BD%D0%B8%D1%82%D1%80%D0%BE%D0%BD;Пермь;124 ₽
24-03-2022;;Мовалис 15мг №10 таб. Берингер ИнгельхаймЭллас АЕ   Берингер , Греция; Фармаимпекс;https://b-apteka.ru/search?q=%D0%B3%D0%B5%D0%BD%D0%B8%D1%82%D1%80%D0%BE%D0%BD;Пермь;593 ₽
24-03-2022;;Артрозан 15мг №10 таб. Фармстандарт-Лексредства ОАО   Фармстандарт, Россия; Фармаимпекс;https://b-apteka.ru/search?q=%D0%B3%D0%B5%D0%BD%D0%B8%D1%82%D1%80%D0%BE%D0%BD;Пермь;176 ₽
24-03-2022;;Амелотекс 15мг №20 таб. Реплек Фарм ООО Скопье   Реплекфарм, Македония; Фармаимпекс;https://b-apteka.ru/search?q=%D0%B3%D0%B5%D0%BD%D0%B8%D1%82%D1%80%D0%BE%D0%BD;Пермь;253 ₽
24-03-2022;;Амелотекс 1% 50г туба гель д/наруж.прим. Озон ООО   Озон, Россия; Фармаимпекс;https://b-apteka.ru/search?q=%D0%B3%D0%B5%D0%BD%D0%B8%D1%82%D1%80%D0%BE%D0%BD;Пермь;350 ₽
24-03-2022;;Артрозан 15мг №20 таб. Фармстандарт-Лексредства ОАО   Фармстандарт, Россия; Фармаимпекс;https://b-apteka.ru/search?q=%D0%B3%D0%B5%D0%BD%D0%B8%D1%82%D1%80%D0%BE%D0%BD;Пермь;321 ₽
24-03-2022;;Мелоксикам Канон 1% 50г туба гель д/наруж.прим Тульская фармфабрика ООО   Тульская фармфабрика, Россия; Фармаимпекс;https://b-apteka.ru/search?q=%D0%BC%D0%B5%D0%BB%D0%B1%D0%B5%D0%BA;Пермь;222 ₽
24-03-2022;;Мелоксикам Вертекс 15мг №20 таб. Вертекс АО   Вертекс, Россия; Фармаимпекс;https://b-apteka.ru/search?q=%D0%BC%D0%B5%D0%BB%D0%B1%D0%B5%D0%BA;Пермь;238 ₽
24-03-2022;;Мелоксикам 7,5мг №20 таб. Канонфарма продакшн ЗАО   Канонфарма, Россия; Фармаимпекс;https://b-apteka.ru/search?q=%D0%BC%D0%B5%D0%BB%D0%B1%D0%B5%D0%BA;Пермь;79 ₽
24-03-2022;;Амелотекс 15мг №6 супп. рект. Фармпроект АО   Фармпроект, Россия; Фармаимпекс;https://b-apteka.ru/search?q=%D0%BC%D0%B5%D0%BB%D0%B1%D0%B5%D0%BA;Пермь;296 ₽
24-03-2022;;Амелотекс 7,5мг №6 супп. рект. Фармпроект АО   Фармпроект, Россия; Фармаимпекс;https://b-apteka.ru/search?q=%D0%BC%D0%B5%D0%BB%D0%B1%D0%B5%D0%BA;Пермь;155 ₽
24-03-2022;;Мелоксикам 15мг №20 таб. Озон ООО   Озон, Россия; Фармаимпекс;https://b-apteka.ru/search?q=%D0%BC%D0%B5%D0%BB%D0%B1%D0%B5%D0%BA;Пермь;124 ₽
24-03-2022;;Мовалис 15мг №10 таб. Берингер ИнгельхаймЭллас АЕ   Берингер , Греция; Фармаимпекс;https://b-apteka.ru/search?q=%D0%BC%D0%B5%D0%BB%D0%B1%D0%B5%D0%BA;Пермь;593 ₽
24-03-2022;;Артрозан 15мг №10 таб. Фармстандарт-Лексредства ОАО   Фармстандарт, Россия; Фармаимпекс;https://b-apteka.ru/search?q=%D0%BC%D0%B5%D0%BB%D0%B1%D0%B5%D0%BA;Пермь;176 ₽
24-03-2022;;Амелотекс 15мг №20 таб. Реплек Фарм ООО Скопье   Реплекфарм, Македония; Фармаимпекс;https://b-apteka.ru/search?q=%D0%BC%D0%B5%D0%BB%D0%B1%D0%B5%D0%BA;Пермь;253 ₽
24-03-2022;;Амелотекс 1% 50г туба гель д/наруж.прим. Озон ООО   Озон, Россия; Фармаимпекс;https://b-apteka.ru/search?q=%D0%BC%D0%B5%D0%BB%D0%B1%D0%B5%D0%BA;Пермь;350 ₽
24-03-2022;;Артрозан 15мг №20 таб. Фармстандарт-Лексредства ОАО   Фармстандарт, Россия; Фармаимпекс;https://b-apteka.ru/search?q=%D0%BC%D0%B5%D0%BB%D0%B1%D0%B5%D0%BA;Пермь;321 ₽
24-03-2022;;Мовалис 15мг №20 таб. Берингер ИнгельхаймЭллас АЕ   Берингер , Греция; Фармаимпекс;https://b-apteka.ru/search?q=%D0%BC%D0%B5%D0%BB%D0%B1%D0%B5%D0%BA;Пермь;859 ₽
24-03-2022;;Мелоксикам Канон 1% 50г туба гель д/наруж.прим Тульская фармфабрика ООО   Тульская фармфабрика, Россия; Фармаимпекс;https://b-apteka.ru/search?q=%D0%B1%D0%B8-%D0%BA%D1%81%D0%B8%D0%BA%D0%B0%D0%BC;Пермь;222 ₽
24-03-2022;;Мелоксикам Вертекс 15мг №20 таб. Вертекс АО   Вертекс, Россия; Фармаимпекс;https://b-apteka.ru/search?q=%D0%B1%D0%B8-%D0%BA%D1%81%D0%B8%D0%BA%D0%B0%D0%BC;Пермь;238 ₽
24-03-2022;;Мелоксикам 7,5мг №20 таб. Канонфарма продакшн ЗАО   Канонфарма, Россия; Фармаимпекс;https://b-apteka.ru/search?q=%D0%B1%D0%B8-%D0%BA%D1%81%D0%B8%D0%BA%D0%B0%D0%BC;Пермь;79 ₽
24-03-2022;;Амелотекс 15мг №6 супп. рект. Фармпроект АО   Фармпроект, Россия; Фармаимпекс;https://b-apteka.ru/search?q=%D0%B1%D0%B8-%D0%BA%D1%81%D0%B8%D0%BA%D0%B0%D0%BC;Пермь;296 ₽
24-03-2022;;Амелотекс 7,5мг №6 супп. рект. Фармпроект АО   Фармпроект, Россия; Фармаимпекс;https://b-apteka.ru/search?q=%D0%B1%D0%B8-%D0%BA%D1%81%D0%B8%D0%BA%D0%B0%D0%BC;Пермь;155 ₽
24-03-2022;;Мелоксикам 15мг №20 таб. Озон ООО   Озон, Россия; Фармаимпекс;https://b-apteka.ru/search?q=%D0%B1%D0%B8-%D0%BA%D1%81%D0%B8%D0%BA%D0%B0%D0%BC;Пермь;124 ₽
24-03-2022;;Мовалис 15мг №10 таб. Берингер ИнгельхаймЭллас АЕ   Берингер , Греция; Фармаимпекс;https://b-apteka.ru/search?q=%D0%B1%D0%B8-%D0%BA%D1%81%D0%B8%D0%BA%D0%B0%D0%BC;Пермь;593 ₽
24-03-2022;;Артрозан 15мг №10 таб. Фармстандарт-Лексредства ОАО   Фармстандарт, Россия; Фармаимпекс;https://b-apteka.ru/search?q=%D0%B1%D0%B8-%D0%BA%D1%81%D0%B8%D0%BA%D0%B0%D0%BC;Пермь;176 ₽
24-03-2022;;Амелотекс 15мг №20 таб. Реплек Фарм ООО Скопье   Реплекфарм, Македония; Фармаимпекс;https://b-apteka.ru/search?q=%D0%B1%D0%B8-%D0%BA%D1%81%D0%B8%D0%BA%D0%B0%D0%BC;Пермь;253 ₽
24-03-2022;;Амелотекс 1% 50г туба гель д/наруж.прим. Озон ООО   Озон, Россия; Фармаимпекс;https://b-apteka.ru/search?q=%D0%B1%D0%B8-%D0%BA%D1%81%D0%B8%D0%BA%D0%B0%D0%BC;Пермь;350 ₽
24-03-2022;;Артрозан 15мг №20 таб. Фармстандарт-Лексредства ОАО   Фармстандарт, Россия; Фармаимпекс;https://b-apteka.ru/search?q=%D0%B1%D0%B8-%D0%BA%D1%81%D0%B8%D0%BA%D0%B0%D0%BC;Пермь;321 ₽
24-03-2022;;Мовалис 15мг №20 таб. Берингер ИнгельхаймЭллас АЕ   Берингер , Греция; Фармаимпекс;https://b-apteka.ru/search?q=%D0%B1%D0%B8-%D0%BA%D1%81%D0%B8%D0%BA%D0%B0%D0%BC;Пермь;859 ₽
24-03-2022;;Алфлутоп 2мл №5 амп. р-р д/инъек. Биотехнос СА КО   Биотехнос, Румыния; Фармаимпекс;https://b-apteka.ru/search?q=%D0%B0%D0%BB%D1%84%D0%BB%D1%83%D1%82%D0%BE%D0%BF;Пермь;2 372 ₽
24-03-2022;;Алфлутоп 1мл №10 амп.стекл р-р д/инъек. Биотехнос СА КО   Биотехнос, Румыния; Фармаимпекс;https://b-apteka.ru/search?q=%D0%B0%D0%BB%D1%84%D0%BB%D1%83%D1%82%D0%BE%D0%BF;Пермь;2 166 ₽
24-03-2022;;Алфлутоп 2мл №10 амп.стекл р-р д/инъек. Биотехнос СА КО   Биотехнос, Румыния; Фармаимпекс;https://b-apteka.ru/search?q=%D0%B0%D0%BB%D1%84%D0%BB%D1%83%D1%82%D0%BE%D0%BF;Пермь;4 232 ₽
24-03-2022;;Драстоп 100мг/мл 2мл №10 амп р-р д/ин.в/м Ромфарм Компани К.О. С.Р.Л.   Ромфарм, Румыния; Фармаимпекс;https://b-apteka.ru/search?q=%D1%85%D0%BE%D0%BD%D0%B4%D1%80%D0%BE%D0%B3%D0%B0%D1%80%D0%B4;Пермь;1 481 ₽
24-03-2022;;Артогистан 100мг/мл 1мл №10 амп. р-р д/ин.в/м Гротекс ООО   Гротекс, Россия; Фармаимпекс;https://b-apteka.ru/search?q=%D1%85%D0%BE%D0%BD%D0%B4%D1%80%D0%BE%D0%B3%D0%B0%D1%80%D0%B4;Пермь;873 ₽
24-03-2022;;Хондрогард 100мг/мл 1мл №10 амп. р-р д/ин.в/м и в/суст Сотекс ФармФирма ЗАО   Сотекс, Россия; Фармаимпекс;https://b-apteka.ru/search?q=%D1%85%D0%BE%D0%BD%D0%B4%D1%80%D0%BE%D0%B3%D0%B0%D1%80%D0%B4;Пермь;1 143 ₽
24-03-2022;;Хондрогард 100мг/мл 2мл №10 амп. р-р д/ин.в/м и в/суст Сотекс ФармФирма ЗАО   Сотекс, Россия; Фармаимпекс;https://b-apteka.ru/search?q=%D1%85%D0%BE%D0%BD%D0%B4%D1%80%D0%BE%D0%B3%D0%B0%D1%80%D0%B4;Пермь;2 052 ₽
24-03-2022;;Хондрогард 100мг/мл 2мл №25 амп. р-р д/ин.в/м и в/суст Сотекс ФармФирма ЗАО   Сотекс, Россия; Фармаимпекс;https://b-apteka.ru/search?q=%D1%85%D0%BE%D0%BD%D0%B4%D1%80%D0%BE%D0%B3%D0%B0%D1%80%D0%B4;Пермь;3 504 ₽
24-03-2022;;Хондролон 100мг №10 амп. лиоф.д/р-ра д/в/м/ин Микроген НПО АО   Микроген, Россия; Фармаимпекс;https://b-apteka.ru/search?q=%D1%85%D0%BE%D0%BD%D0%B4%D1%80%D0%BE%D0%B3%D0%B0%D1%80%D0%B4;Пермь;593 ₽
24-03-2022;;Артра 500+500мг №60 таб.п/о/плен Юнифарм Инк   Юнифарм, Сша; Фармаимпекс;https://b-apteka.ru/search?q=%D1%85%D0%BE%D0%BD%D0%B4%D1%80%D0%BE%D0%B3%D0%B0%D1%80%D0%B4;Пермь;1 670 ₽
24-03-2022;;Кондронова 250мг+200мг №30 капс. Панацея Биотек Лтд   Панацея Биотек, Индия; Фармаимпекс;https://b-apteka.ru/search?q=%D1%85%D0%BE%D0%BD%D0%B4%D1%80%D0%BE%D0%B3%D0%B0%D1%80%D0%B4;Пермь;598 ₽
24-03-2022;;Структум 500мг №60 капс. Пьер Фабр Медикамент Продакшн   Пьер Фабр, Франция; Фармаимпекс;https://b-apteka.ru/search?q=%D1%85%D0%BE%D0%BD%D0%B4%D1%80%D0%BE%D0%B3%D0%B0%D1%80%D0%B4;Пермь;1 799 ₽
24-03-2022;;Хондроксид 5% 30г мазь д/наруж.прим. Нижфарм ОАО   Нижфарм, Россия; Фармаимпекс;https://b-apteka.ru/search?q=%D1%85%D0%BE%D0%BD%D0%B4%D1%80%D0%BE%D0%B3%D0%B0%D1%80%D0%B4;Пермь;399 ₽
24-03-2022;;Мукосат 100мг/мл 2мл №10 амп. р-р д/ин.в/м и в/суст Эллара ООО   Эллара, Россия; Фармаимпекс;https://b-apteka.ru/search?q=%D1%85%D0%BE%D0%BD%D0%B4%D1%80%D0%BE%D0%B3%D0%B0%D1%80%D0%B4;Пермь;1 650 ₽
24-03-2022;;Мукосат 100мг/мл 2мл №5 амп. р-р д/ин.в/м Эллара ООО   Эллара, Россия; Фармаимпекс;https://b-apteka.ru/search?q=%D1%85%D0%BE%D0%BD%D0%B4%D1%80%D0%BE%D0%B3%D0%B0%D1%80%D0%B4;Пермь;824 ₽
24-03-2022;;Драстоп 100мг/мл 2мл №10 амп р-р д/ин.в/м Ромфарм Компани К.О. С.Р.Л.   Ромфарм, Румыния; Фармаимпекс;https://b-apteka.ru/search?q=%D0%B4%D1%80%D0%B0%D1%81%D1%82%D0%BE%D0%BF;Пермь;1 481 ₽
24-03-2022;;Драстоп Адванс №30 таб. Кенди ЛТД   Кенди ЛТД, Болгария; Фармаимпекс;https://b-apteka.ru/search?q=%D0%B4%D1%80%D0%B0%D1%81%D1%82%D0%BE%D0%BF;Пермь;909 ₽
24-03-2022;;Хондрогард 100мг/мл 1мл №10 амп. р-р д/ин.в/м и в/суст Сотекс ФармФирма ЗАО   Сотекс, Россия; Фармаимпекс;https://b-apteka.ru/search?q=%D0%B4%D1%80%D0%B0%D1%81%D1%82%D0%BE%D0%BF;Пермь;1 143 ₽
24-03-2022;;Хондрогард 100мг/мл 2мл №10 амп. р-р д/ин.в/м и в/суст Сотекс ФармФирма ЗАО   Сотекс, Россия; Фармаимпекс;https://b-apteka.ru/search?q=%D0%B4%D1%80%D0%B0%D1%81%D1%82%D0%BE%D0%BF;Пермь;2 052 ₽
24-03-2022;;Хондролон 100мг №10 амп. лиоф.д/р-ра д/в/м/ин Микроген НПО АО   Микроген, Россия; Фармаимпекс;https://b-apteka.ru/search?q=%D0%B4%D1%80%D0%B0%D1%81%D1%82%D0%BE%D0%BF;Пермь;593 ₽
24-03-2022;;Артра 500+500мг №60 таб.п/о/плен Юнифарм Инк   Юнифарм, Сша; Фармаимпекс;https://b-apteka.ru/search?q=%D0%B4%D1%80%D0%B0%D1%81%D1%82%D0%BE%D0%BF;Пермь;1 670 ₽
24-03-2022;;Кондронова 250мг+200мг №30 капс. Панацея Биотек Лтд   Панацея Биотек, Индия; Фармаимпекс;https://b-apteka.ru/search?q=%D0%B4%D1%80%D0%B0%D1%81%D1%82%D0%BE%D0%BF;Пермь;598 ₽
24-03-2022;;Структум 500мг №60 капс. Пьер Фабр Медикамент Продакшн   Пьер Фабр, Франция; Фармаимпекс;https://b-apteka.ru/search?q=%D0%B4%D1%80%D0%B0%D1%81%D1%82%D0%BE%D0%BF;Пермь;1 799 ₽
24-03-2022;;Хондроксид 5% 30г мазь д/наруж.прим. Нижфарм ОАО   Нижфарм, Россия; Фармаимпекс;https://b-apteka.ru/search?q=%D0%B4%D1%80%D0%B0%D1%81%D1%82%D0%BE%D0%BF;Пермь;399 ₽
24-03-2022;;Мукосат 100мг/мл 2мл №10 амп. р-р д/ин.в/м и в/суст Эллара ООО   Эллара, Россия; Фармаимпекс;https://b-apteka.ru/search?q=%D0%B4%D1%80%D0%B0%D1%81%D1%82%D0%BE%D0%BF;Пермь;1 650 ₽
24-03-2022;;Мукосат 100мг/мл 2мл №5 амп. р-р д/ин.в/м Эллара ООО   Эллара, Россия; Фармаимпекс;https://b-apteka.ru/search?q=%D0%B4%D1%80%D0%B0%D1%81%D1%82%D0%BE%D0%BF;Пермь;824 ₽
24-03-2022;;Мукосат 100мг/мл 2мл №25 амп. р-р д/ин.в/м и в/суст Эллара ООО   Эллара, Россия; Фармаимпекс;https://b-apteka.ru/search?q=%D0%B4%D1%80%D0%B0%D1%81%D1%82%D0%BE%D0%BF;Пермь;3 690 ₽
24-03-2022;;Мукосат 100мг/мл 2мл №10 амп. р-р д/ин.в/м и в/суст Эллара ООО   Эллара, Россия; Фармаимпекс;https://b-apteka.ru/search?q=%D0%BC%D1%83%D0%BA%D0%BE%D1%81%D0%B0%D1%82;Пермь;1 650 ₽
24-03-2022;;Мукосат 100мг/мл 2мл №5 амп. р-р д/ин.в/м Эллара ООО   Эллара, Россия; Фармаимпекс;https://b-apteka.ru/search?q=%D0%BC%D1%83%D0%BA%D0%BE%D1%81%D0%B0%D1%82;Пермь;824 ₽
24-03-2022;;Мукосат 100мг/мл 2мл №25 амп. р-р д/ин.в/м и в/суст Эллара ООО   Эллара, Россия; Фармаимпекс;https://b-apteka.ru/search?q=%D0%BC%D1%83%D0%BA%D0%BE%D1%81%D0%B0%D1%82;Пермь;3 690 ₽
24-03-2022;;Мукосат 5% 30г туба мазь д/наруж/прим Зеленая Дубрава ЗАО   Зеленая Дубрава, Россия; Фармаимпекс;https://b-apteka.ru/search?q=%D0%BC%D1%83%D0%BA%D0%BE%D1%81%D0%B0%D1%82;Пермь;369 ₽
24-03-2022;;Мукосат ананас №20 таб.шипучие Эвалар ЗАО   Эвалар, Россия; Фармаимпекс;https://b-apteka.ru/search?q=%D0%BC%D1%83%D0%BA%D0%BE%D1%81%D0%B0%D1%82;Пермь;741 ₽
24-03-2022;;Мукосат манго №20 таб.шипучие Эвалар ЗАО   Эвалар, Россия; Фармаимпекс;https://b-apteka.ru/search?q=%D0%BC%D1%83%D0%BA%D0%BE%D1%81%D0%B0%D1%82;Пермь;730 ₽
24-03-2022;;Мукосат апельсин №20 таб.шипучие Эвалар ЗАО   Эвалар, Россия; Фармаимпекс;https://b-apteka.ru/search?q=%D0%BC%D1%83%D0%BA%D0%BE%D1%81%D0%B0%D1%82;Пермь;736 ₽
24-03-2022;;Мукосат клубника №20 таб.шипучие Эвалар ЗАО   Эвалар, Россия; Фармаимпекс;https://b-apteka.ru/search?q=%D0%BC%D1%83%D0%BA%D0%BE%D1%81%D0%B0%D1%82;Пермь;733 ₽
24-03-2022;;Мукосат №80 капс. Фитонет д.о.о.   Фитонет, Сербия; Фармаимпекс;https://b-apteka.ru/search?q=%D0%BC%D1%83%D0%BA%D0%BE%D1%81%D0%B0%D1%82;Пермь;1 702 ₽
24-03-2022;;Мукосат 100мг/мл 1мл №10 амп. р-р д/ин.в/м Эллара ООО   Эллара, Россия; Фармаимпекс;https://b-apteka.ru/search?q=%D0%BC%D1%83%D0%BA%D0%BE%D1%81%D0%B0%D1%82;Пермь;971 ₽
24-03-2022;;Хондрогард 100мг/мл 1мл №10 амп. р-р д/ин.в/м и в/суст Сотекс ФармФирма ЗАО   Сотекс, Россия; Фармаимпекс;https://b-apteka.ru/search?q=%D0%BC%D1%83%D0%BA%D0%BE%D1%81%D0%B0%D1%82;Пермь;1 143 ₽
24-03-2022;;Хондрогард 100мг/мл 2мл №10 амп. р-р д/ин.в/м и в/суст Сотекс ФармФирма ЗАО   Сотекс, Россия; Фармаимпекс;https://b-apteka.ru/search?q=%D0%BC%D1%83%D0%BA%D0%BE%D1%81%D0%B0%D1%82;Пермь;2 052 ₽
24-03-2022;;Румалон 1мл №10 амп р-р д/ин.в/м Ромфарм Компани К.О. С.Р.Л.   Ромфарм, Румыния; Фармаимпекс;https://b-apteka.ru/search?q=%D1%80%D1%83%D0%BC%D0%B0%D0%BB%D0%BE%D0%BD;Пермь;2 020 ₽
24-03-2022;;Румалон 1мл №25 амп р-р д/ин.в/м Ромфарм Компани К.О. С.Р.Л.   Ромфарм, Румыния; Фармаимпекс;https://b-apteka.ru/search?q=%D1%80%D1%83%D0%BC%D0%B0%D0%BB%D0%BE%D0%BD;Пермь;3 490 ₽
24-03-2022;;Терафлекс 500мг+400мг №200 капс. Контракт Фармакал Корпорейшн   Контракт Фарма, Сша; Фармаимпекс;https://b-apteka.ru/search?q=%D0%B4%D0%BE%D0%BD%D0%B0;Пермь;3 990 ₽
24-03-2022;;АртраСил МЕГА/Глюкозамин 1500 апельсин 2,5г №20 пор. саше Сюаньчен Бравей Биоинджинеринг Ко Лтд   Сюаньчен; Фармаимпекс;https://b-apteka.ru/search?q=%D0%B4%D0%BE%D0%BD%D0%B0;Пермь;949 ₽
24-03-2022;;Дона 1,5г №20 пор.д/приг.р-ра пр/вн Роттафарм Лтд   Роттафарм Лтд, Ирландия; Фармаимпекс;https://b-apteka.ru/search?q=%D0%B4%D0%BE%D0%BD%D0%B0;Пермь;1 906 ₽
24-03-2022;;Дона 200мг/мл 2мл №6 амп р-р д/ин.в/м+р-ль 1мл №6 амп Биологичи Италия Лаб С.Р.Л.   Биологичи Италия Лаб С.Р.Л., Италия; Фармаимпекс;https://b-apteka.ru/search?q=%D0%B4%D0%BE%D0%BD%D0%B0;Пермь;1 786 ₽
24-03-2022;;Дона 750мг №180 таб.п/о/плен Мадаус ГмбХ   Мадаус, Германия; Фармаимпекс;https://b-apteka.ru/search?q=%D0%B4%D0%BE%D0%BD%D0%B0;Пермь;3 410 ₽
24-03-2022;;Дона 750мг №60 таб.п/о/плен НДС10% Мадаус ГмбХ   Мадаус, Германия; Фармаимпекс;https://b-apteka.ru/search?q=%D0%B4%D0%BE%D0%BD%D0%B0;Пермь;1 709 ₽
24-03-2022;;Атропа белла-донна (белладонна) c6 гомеопат монокомп препарат растит происхожд 5,0 гранулы гомеопат Доктор Н ООО   Доктор Н ООО; Фармаимпекс;https://b-apteka.ru/search?q=%D0%B4%D0%BE%D0%BD%D0%B0;Пермь;109 ₽
24-03-2022;;Санаторий дома соль д/ванн крымская розовая антицелл 530г Фитокосметик ООО   Фитокосметик ООО, Россия; Фармаимпекс;https://b-apteka.ru/search?q=%D0%B4%D0%BE%D0%BD%D0%B0;Пермь;139 ₽
24-03-2022;;Санаторий дома соль д/ванн бишофитная д/сниж веса 530г Фитокосметик ООО   Фитокосметик ООО, Россия; Фармаимпекс;https://b-apteka.ru/search?q=%D0%B4%D0%BE%D0%BD%D0%B0;Пермь;118 ₽
24-03-2022;;Санаторий дома соль для ванн азовского моря успокаивающая 530,0 Фитокосметик ООО   Фитокосметик ООО; Фармаимпекс;https://b-apteka.ru/search?q=%D0%B4%D0%BE%D0%BD%D0%B0;Пермь;130 ₽
24-03-2022;;Санаторий дома соль для ванн илецкая для снятия стресса и усталости 530,0 Фитокосметик ООО   Фитокосметик ООО; Фармаимпекс;https://b-apteka.ru/search?q=%D0%B4%D0%BE%D0%BD%D0%B0;Пермь;122 ₽
24-03-2022;;Санаторий дома соль для ванн камчатских термальных источников противопростудная 530,0 Фитокосметик ООО   Фитокосметик ООО; Фармаимпекс;https://b-apteka.ru/search?q=%D0%B4%D0%BE%D0%BD%D0%B0;Пермь;120 ₽
24-03-2022;;Инъектран 100мг/мл 2мл №10 амп. р-р д/ин.в/м Эллара ООО   Эллара, Россия; Фармаимпекс;https://b-apteka.ru/search?q=%D0%B8%D0%BD%D1%8A%D0%B5%D0%BA%D1%82%D1%80%D0%B0%D0%BD;Пермь;1 690 ₽
24-03-2022;;Хондрогард 100мг/мл 1мл №10 амп. р-р д/ин.в/м и в/суст Сотекс ФармФирма ЗАО   Сотекс, Россия; Фармаимпекс;https://b-apteka.ru/search?q=%D0%B8%D0%BD%D1%8A%D0%B5%D0%BA%D1%82%D1%80%D0%B0%D0%BD;Пермь;1 143 ₽
24-03-2022;;Хондрогард 100мг/мл 2мл №10 амп. р-р д/ин.в/м и в/суст Сотекс ФармФирма ЗАО   Сотекс, Россия; Фармаимпекс;https://b-apteka.ru/search?q=%D0%B8%D0%BD%D1%8A%D0%B5%D0%BA%D1%82%D1%80%D0%B0%D0%BD;Пермь;2 052 ₽
24-03-2022;;Хондролон 100мг №10 амп. лиоф.д/р-ра д/в/м/ин Микроген НПО АО   Микроген, Россия; Фармаимпекс;https://b-apteka.ru/search?q=%D0%B8%D0%BD%D1%8A%D0%B5%D0%BA%D1%82%D1%80%D0%B0%D0%BD;Пермь;593 ₽
24-03-2022;;Артра 500+500мг №60 таб.п/о/плен Юнифарм Инк   Юнифарм, Сша; Фармаимпекс;https://b-apteka.ru/search?q=%D0%B8%D0%BD%D1%8A%D0%B5%D0%BA%D1%82%D1%80%D0%B0%D0%BD;Пермь;1 670 ₽
24-03-2022;;Кондронова 250мг+200мг №30 капс. Панацея Биотек Лтд   Панацея Биотек, Индия; Фармаимпекс;https://b-apteka.ru/search?q=%D0%B8%D0%BD%D1%8A%D0%B5%D0%BA%D1%82%D1%80%D0%B0%D0%BD;Пермь;598 ₽
24-03-2022;;Структум 500мг №60 капс. Пьер Фабр Медикамент Продакшн   Пьер Фабр, Франция; Фармаимпекс;https://b-apteka.ru/search?q=%D0%B8%D0%BD%D1%8A%D0%B5%D0%BA%D1%82%D1%80%D0%B0%D0%BD;Пермь;1 799 ₽
24-03-2022;;Хондроксид 5% 30г мазь д/наруж.прим. Нижфарм ОАО   Нижфарм, Россия; Фармаимпекс;https://b-apteka.ru/search?q=%D0%B8%D0%BD%D1%8A%D0%B5%D0%BA%D1%82%D1%80%D0%B0%D0%BD;Пермь;399 ₽
24-03-2022;;Мукосат 100мг/мл 2мл №10 амп. р-р д/ин.в/м и в/суст Эллара ООО   Эллара, Россия; Фармаимпекс;https://b-apteka.ru/search?q=%D0%B8%D0%BD%D1%8A%D0%B5%D0%BA%D1%82%D1%80%D0%B0%D0%BD;Пермь;1 650 ₽
24-03-2022;;Мукосат 100мг/мл 2мл №5 амп. р-р д/ин.в/м Эллара ООО   Эллара, Россия; Фармаимпекс;https://b-apteka.ru/search?q=%D0%B8%D0%BD%D1%8A%D0%B5%D0%BA%D1%82%D1%80%D0%B0%D0%BD;Пермь;824 ₽
24-03-2022;;Мукосат 100мг/мл 2мл №25 амп. р-р д/ин.в/м и в/суст Эллара ООО   Эллара, Россия; Фармаимпекс;https://b-apteka.ru/search?q=%D0%B8%D0%BD%D1%8A%D0%B5%D0%BA%D1%82%D1%80%D0%B0%D0%BD;Пермь;3 690 ₽
24-03-2022;;Мукосат 5% 30г туба мазь д/наруж/прим Зеленая Дубрава ЗАО   Зеленая Дубрава, Россия; Фармаимпекс;https://b-apteka.ru/search?q=%D0%B8%D0%BD%D1%8A%D0%B5%D0%BA%D1%82%D1%80%D0%B0%D0%BD;Пермь;369 ₽
24-03-2022;;Хондролон 100мг №10 амп. лиоф.д/р-ра д/в/м/ин Микроген НПО АО   Микроген, Россия; Фармаимпекс;https://b-apteka.ru/search?q=%D1%85%D0%BE%D0%BD%D0%B4%D1%80%D0%BE%D0%BB%D0%BE%D0%BD;Пермь;593 ₽
24-03-2022;;Хондрогард 100мг/мл 1мл №10 амп. р-р д/ин.в/м и в/суст Сотекс ФармФирма ЗАО   Сотекс, Россия; Фармаимпекс;https://b-apteka.ru/search?q=%D1%85%D0%BE%D0%BD%D0%B4%D1%80%D0%BE%D0%BB%D0%BE%D0%BD;Пермь;1 143 ₽
24-03-2022;;Хондрогард 100мг/мл 2мл №10 амп. р-р д/ин.в/м и в/суст Сотекс ФармФирма ЗАО   Сотекс, Россия; Фармаимпекс;https://b-apteka.ru/search?q=%D1%85%D0%BE%D0%BD%D0%B4%D1%80%D0%BE%D0%BB%D0%BE%D0%BD;Пермь;2 052 ₽
24-03-2022;;Артра 500+500мг №60 таб.п/о/плен Юнифарм Инк   Юнифарм, Сша; Фармаимпекс;https://b-apteka.ru/search?q=%D1%85%D0%BE%D0%BD%D0%B4%D1%80%D0%BE%D0%BB%D0%BE%D0%BD;Пермь;1 670 ₽
24-03-2022;;Кондронова 250мг+200мг №30 капс. Панацея Биотек Лтд   Панацея Биотек, Индия; Фармаимпекс;https://b-apteka.ru/search?q=%D1%85%D0%BE%D0%BD%D0%B4%D1%80%D0%BE%D0%BB%D0%BE%D0%BD;Пермь;598 ₽
24-03-2022;;Структум 500мг №60 капс. Пьер Фабр Медикамент Продакшн   Пьер Фабр, Франция; Фармаимпекс;https://b-apteka.ru/search?q=%D1%85%D0%BE%D0%BD%D0%B4%D1%80%D0%BE%D0%BB%D0%BE%D0%BD;Пермь;1 799 ₽
24-03-2022;;Хондроксид 5% 30г мазь д/наруж.прим. Нижфарм ОАО   Нижфарм, Россия; Фармаимпекс;https://b-apteka.ru/search?q=%D1%85%D0%BE%D0%BD%D0%B4%D1%80%D0%BE%D0%BB%D0%BE%D0%BD;Пермь;399 ₽
24-03-2022;;Мукосат 100мг/мл 2мл №10 амп. р-р д/ин.в/м и в/суст Эллара ООО   Эллара, Россия; Фармаимпекс;https://b-apteka.ru/search?q=%D1%85%D0%BE%D0%BD%D0%B4%D1%80%D0%BE%D0%BB%D0%BE%D0%BD;Пермь;1 650 ₽
24-03-2022;;Мукосат 100мг/мл 2мл №5 амп. р-р д/ин.в/м Эллара ООО   Эллара, Россия; Фармаимпекс;https://b-apteka.ru/search?q=%D1%85%D0%BE%D0%BD%D0%B4%D1%80%D0%BE%D0%BB%D0%BE%D0%BD;Пермь;824 ₽
24-03-2022;;Мукосат 100мг/мл 2мл №25 амп. р-р д/ин.в/м и в/суст Эллара ООО   Эллара, Россия; Фармаимпекс;https://b-apteka.ru/search?q=%D1%85%D0%BE%D0%BD%D0%B4%D1%80%D0%BE%D0%BB%D0%BE%D0%BD;Пермь;3 690 ₽
24-03-2022;;Мукосат 5% 30г туба мазь д/наруж/прим Зеленая Дубрава ЗАО   Зеленая Дубрава, Россия; Фармаимпекс;https://b-apteka.ru/search?q=%D1%85%D0%BE%D0%BD%D0%B4%D1%80%D0%BE%D0%BB%D0%BE%D0%BD;Пермь;369 ₽
24-03-2022;;Мукосат ананас №20 таб.шипучие Эвалар ЗАО   Эвалар, Россия; Фармаимпекс;https://b-apteka.ru/search?q=%D1%85%D0%BE%D0%BD%D0%B4%D1%80%D0%BE%D0%BB%D0%BE%D0%BD;Пермь;741 ₽
24-03-2022;;Артогистан 100мг/мл 1мл №10 амп. р-р д/ин.в/м Гротекс ООО   Гротекс, Россия; Фармаимпекс;https://b-apteka.ru/search?q=%D0%B0%D1%80%D1%82%D0%BE%D0%B3%D0%B8%D1%81%D1%82%D0%B0%D0%BD;Пермь;873 ₽
24-03-2022;;Артогистан 100мг/мл 2мл №10 амп. р-р д/ин.в/м Гротекс ООО   Гротекс, Россия; Фармаимпекс;https://b-apteka.ru/search?q=%D0%B0%D1%80%D1%82%D0%BE%D0%B3%D0%B8%D1%81%D1%82%D0%B0%D0%BD;Пермь;1 518 ₽
24-03-2022;;Хондрогард 100мг/мл 1мл №10 амп. р-р д/ин.в/м и в/суст Сотекс ФармФирма ЗАО   Сотекс, Россия; Фармаимпекс;https://b-apteka.ru/search?q=%D0%B0%D1%80%D1%82%D0%BE%D0%B3%D0%B8%D1%81%D1%82%D0%B0%D0%BD;Пермь;1 143 ₽
24-03-2022;;Хондрогард 100мг/мл 2мл №10 амп. р-р д/ин.в/м и в/суст Сотекс ФармФирма ЗАО   Сотекс, Россия; Фармаимпекс;https://b-apteka.ru/search?q=%D0%B0%D1%80%D1%82%D0%BE%D0%B3%D0%B8%D1%81%D1%82%D0%B0%D0%BD;Пермь;2 052 ₽
24-03-2022;;Хондролон 100мг №10 амп. лиоф.д/р-ра д/в/м/ин Микроген НПО АО   Микроген, Россия; Фармаимпекс;https://b-apteka.ru/search?q=%D0%B0%D1%80%D1%82%D0%BE%D0%B3%D0%B8%D1%81%D1%82%D0%B0%D0%BD;Пермь;593 ₽
24-03-2022;;Артра 500+500мг №60 таб.п/о/плен Юнифарм Инк   Юнифарм, Сша; Фармаимпекс;https://b-apteka.ru/search?q=%D0%B0%D1%80%D1%82%D0%BE%D0%B3%D0%B8%D1%81%D1%82%D0%B0%D0%BD;Пермь;1 670 ₽
24-03-2022;;Кондронова 250мг+200мг №30 капс. Панацея Биотек Лтд   Панацея Биотек, Индия; Фармаимпекс;https://b-apteka.ru/search?q=%D0%B0%D1%80%D1%82%D0%BE%D0%B3%D0%B8%D1%81%D1%82%D0%B0%D0%BD;Пермь;598 ₽
24-03-2022;;Структум 500мг №60 капс. Пьер Фабр Медикамент Продакшн   Пьер Фабр, Франция; Фармаимпекс;https://b-apteka.ru/search?q=%D0%B0%D1%80%D1%82%D0%BE%D0%B3%D0%B8%D1%81%D1%82%D0%B0%D0%BD;Пермь;1 799 ₽
24-03-2022;;Хондроксид 5% 30г мазь д/наруж.прим. Нижфарм ОАО   Нижфарм, Россия; Фармаимпекс;https://b-apteka.ru/search?q=%D0%B0%D1%80%D1%82%D0%BE%D0%B3%D0%B8%D1%81%D1%82%D0%B0%D0%BD;Пермь;399 ₽
24-03-2022;;Мукосат 100мг/мл 2мл №10 амп. р-р д/ин.в/м и в/суст Эллара ООО   Эллара, Россия; Фармаимпекс;https://b-apteka.ru/search?q=%D0%B0%D1%80%D1%82%D0%BE%D0%B3%D0%B8%D1%81%D1%82%D0%B0%D0%BD;Пермь;1 650 ₽
24-03-2022;;Мукосат 100мг/мл 2мл №5 амп. р-р д/ин.в/м Эллара ООО   Эллара, Россия; Фармаимпекс;https://b-apteka.ru/search?q=%D0%B0%D1%80%D1%82%D0%BE%D0%B3%D0%B8%D1%81%D1%82%D0%B0%D0%BD;Пермь;824 ₽
24-03-2022;;Мукосат 100мг/мл 2мл №25 амп. р-р д/ин.в/м и в/суст Эллара ООО   Эллара, Россия; Фармаимпекс;https://b-apteka.ru/search?q=%D0%B0%D1%80%D1%82%D0%BE%D0%B3%D0%B8%D1%81%D1%82%D0%B0%D0%BD;Пермь;3 690 ₽
24-03-2022;;Амбене Био 1мл №10 амп. р-р д/инъек. Биохимик АО   Биохимик, Россия; Фармаимпекс;https://b-apteka.ru/search?q=%D0%B0%D0%BC%D0%B1%D0%B5%D0%BD%D0%B5%20%D0%B1%D0%B8%D0%BE;Пермь;1 877 ₽
24-03-2022;;Амбене Био 1мл №10 амп. р-р д/инъек. Деко компания ООО   Деко компания, Россия; Фармаимпекс;https://b-apteka.ru/search?q=%D0%B0%D0%BC%D0%B1%D0%B5%D0%BD%D0%B5%20%D0%B1%D0%B8%D0%BE;Пермь;1 877 ₽
24-03-2022;;Амбене Био 2мл №5 амп. р-р д/инъек. Биохимик АО   Биохимик, Россия; Фармаимпекс;https://b-apteka.ru/search?q=%D0%B0%D0%BC%D0%B1%D0%B5%D0%BD%D0%B5%20%D0%B1%D0%B8%D0%BE;Пермь;1 868 ₽
24-03-2022;;Постеризан форте №10 супп.рект. Др.Каде фармацевтическая фабрика ГмбХ   Др.Каде, Германия; Фармаимпекс;https://b-apteka.ru/search?q=%D0%B0%D0%BC%D0%B1%D0%B5%D0%BD%D0%B5%20%D0%B1%D0%B8%D0%BE;Пермь;519 ₽
24-03-2022;;Постеризан форте 25г туба мазь д/рект/наруж/прим+аппликатор Др.Каде фармацевтическая фабрика ГмбХ   Др.Каде, Германия; Фармаимпекс;https://b-apteka.ru/search?q=%D0%B0%D0%BC%D0%B1%D0%B5%D0%BD%D0%B5%20%D0%B1%D0%B8%D0%BE;Пермь;612 ₽
24-03-2022;;Барбарис комп 20г фл-кап гран.гомеопат/Иов-малыш Талион-А ООО   Талион, Россия; Фармаимпекс;https://b-apteka.ru/search?q=%D0%B0%D0%BC%D0%B1%D0%B5%D0%BD%D0%B5%20%D0%B1%D0%B8%D0%BE;Пермь;269 ₽
24-03-2022;;Церебролизин 5мл №5 амп. р-р д/инъек. ЭВЕР Фарма Йена ГмбХ   ЭВЕР, Германия; Фармаимпекс;https://b-apteka.ru/search?q=%D0%B0%D0%BC%D0%B1%D0%B5%D0%BD%D0%B5%20%D0%B1%D0%B8%D0%BE;Пермь;1 144 ₽
24-03-2022;;Церебролизин 10мл №5 амп р-р д/инъек. ЭВЕР Фарма Йена ГмбХ   ЭВЕР, Германия; Фармаимпекс;https://b-apteka.ru/search?q=%D0%B0%D0%BC%D0%B1%D0%B5%D0%BD%D0%B5%20%D0%B1%D0%B8%D0%BE;Пермь;1 593 ₽
24-03-2022;;Церебролизин 2мл №10 амп. р-р д/инъек. ЭВЕР Фарма Йена ГмбХ   ЭВЕР, Германия; Фармаимпекс;https://b-apteka.ru/search?q=%D0%B0%D0%BC%D0%B1%D0%B5%D0%BD%D0%B5%20%D0%B1%D0%B8%D0%BE;Пермь;1 159 ₽
24-03-2022;;Пиаскледин 300мг №60 капс. Лаборатория Экспансьянс   Экспансьянс, Франция; Фармаимпекс;https://b-apteka.ru/search?q=%D0%B0%D0%BC%D0%B1%D0%B5%D0%BD%D0%B5%20%D0%B1%D0%B8%D0%BE;Пермь;2 650 ₽
24-03-2022;;Пиаскледин 300мг №30 капс. Лаборатория Экспансьянс   Экспансьянс, Франция; Фармаимпекс;https://b-apteka.ru/search?q=%D0%B0%D0%BC%D0%B1%D0%B5%D0%BD%D0%B5%20%D0%B1%D0%B8%D0%BE;Пермь;1 619 ₽
24-03-2022;;Рафамин №20 таб.д/рассас. Материа Медика Холдинг НПФ ООО   Материя Медика, Россия; Фармаимпекс;https://b-apteka.ru/search?q=%D0%B0%D0%BC%D0%B1%D0%B5%D0%BD%D0%B5%20%D0%B1%D0%B8%D0%BE;Пермь;673 ₽
24-03-2022;;Сустагард Артро 200мг/мл 2мл №5 р-р д/ин.в/м+р-ль 1мл №5 амп Сотекс ФармФирма ЗАО   Сотекс, Россия; Фармаимпекс;https://b-apteka.ru/search?q=%D1%81%D1%83%D1%81%D1%82%D0%B0%D0%B3%D0%B0%D1%80%D0%B4%20%D0%B0%D1%80%D1%82%D1%80%D0%BE;Пермь;1 150 ₽
24-03-2022;;Сустагард Артро 1,5г №20 пак. пор.д/приг.р-ра пр/внутрь Фармакор Продакшн   Фармакор, Россия; Фармаимпекс;https://b-apteka.ru/search?q=%D1%81%D1%83%D1%81%D1%82%D0%B0%D0%B3%D0%B0%D1%80%D0%B4%20%D0%B0%D1%80%D1%82%D1%80%D0%BE;Пермь;1 047 ₽
24-03-2022;;Артра 500+500мг №60 таб.п/о/плен Юнифарм Инк   Юнифарм, Сша; Фармаимпекс;https://b-apteka.ru/search?q=%D1%81%D1%83%D1%81%D1%82%D0%B0%D0%B3%D0%B0%D1%80%D0%B4%20%D0%B0%D1%80%D1%82%D1%80%D0%BE;Пермь;1 670 ₽
24-03-2022;;Кондронова 250мг+200мг №30 капс. Панацея Биотек Лтд   Панацея Биотек, Индия; Фармаимпекс;https://b-apteka.ru/search?q=%D1%81%D1%83%D1%81%D1%82%D0%B0%D0%B3%D0%B0%D1%80%D0%B4%20%D0%B0%D1%80%D1%82%D1%80%D0%BE;Пермь;598 ₽
24-03-2022;;Дона 1,5г №20 пор.д/приг.р-ра пр/вн Роттафарм Лтд   Роттафарм Лтд, Ирландия; Фармаимпекс;https://b-apteka.ru/search?q=%D1%81%D1%83%D1%81%D1%82%D0%B0%D0%B3%D0%B0%D1%80%D0%B4%20%D0%B0%D1%80%D1%82%D1%80%D0%BE;Пермь;1 906 ₽
24-03-2022;;Артра 500+500мг №120 таб.п/о/плен АмериФарма Лабс ЛЛС   АмериФарма Лабс, Сша; Фармаимпекс;https://b-apteka.ru/search?q=%D1%81%D1%83%D1%81%D1%82%D0%B0%D0%B3%D0%B0%D1%80%D0%B4%20%D0%B0%D1%80%D1%82%D1%80%D0%BE;Пермь;3 465 ₽
24-03-2022;;Терафлекс Адванс 250мг+100мг+200мг №120 капс. Контракт Фармакал Корпорейшн   Контракт Фарма, Сша; Фармаимпекс;https://b-apteka.ru/search?q=%D1%81%D1%83%D1%81%D1%82%D0%B0%D0%B3%D0%B0%D1%80%D0%B4%20%D0%B0%D1%80%D1%82%D1%80%D0%BE;Пермь;3 026 ₽
24-03-2022;;Терафлекс Адванс 250мг+100мг+200мг №60 капс. Контракт Фармакал Корпорейшн   Контракт Фарма, Сша; Фармаимпекс;https://b-apteka.ru/search?q=%D1%81%D1%83%D1%81%D1%82%D0%B0%D0%B3%D0%B0%D1%80%D0%B4%20%D0%B0%D1%80%D1%82%D1%80%D0%BE;Пермь;1 972 ₽
24-03-2022;;Терафлекс 500мг+400мг №60 капс. Контракт Фармакал Корпорейшн   Контракт Фарма, Сша; Фармаимпекс;https://b-apteka.ru/search?q=%D1%81%D1%83%D1%81%D1%82%D0%B0%D0%B3%D0%B0%D1%80%D0%B4%20%D0%B0%D1%80%D1%82%D1%80%D0%BE;Пермь;1 768 ₽
24-03-2022;;Терафлекс 500мг+400мг №100 капс. Контракт Фармакал Корпорейшн   Контракт Фарма, Сша; Фармаимпекс;https://b-apteka.ru/search?q=%D1%81%D1%83%D1%81%D1%82%D0%B0%D0%B3%D0%B0%D1%80%D0%B4%20%D0%B0%D1%80%D1%82%D1%80%D0%BE;Пермь;2 588 ₽
24-03-2022;;Дона 200мг/мл 2мл №6 амп р-р д/ин.в/м+р-ль 1мл №6 амп Биологичи Италия Лаб С.Р.Л.   Биологичи Италия Лаб С.Р.Л., Италия; Фармаимпекс;https://b-apteka.ru/search?q=%D1%81%D1%83%D1%81%D1%82%D0%B0%D0%B3%D0%B0%D1%80%D0%B4%20%D0%B0%D1%80%D1%82%D1%80%D0%BE;Пермь;1 786 ₽
24-03-2022;;Дона 750мг №180 таб.п/о/плен Мадаус ГмбХ   Мадаус, Германия; Фармаимпекс;https://b-apteka.ru/search?q=%D1%81%D1%83%D1%81%D1%82%D0%B0%D0%B3%D0%B0%D1%80%D0%B4%20%D0%B0%D1%80%D1%82%D1%80%D0%BE;Пермь;3 410 ₽
24-03-2022;;Артрадол 100мг №10 амп лиоф.д/р-ра д/в/м/ин Армавирская биологическая фабрика   Армавирская биологич.ф-ка, Россия; Фармаимпекс;https://b-apteka.ru/search?q=%D0%B0%D1%80%D1%82%D1%80%D0%B0%D0%B4%D0%BE%D0%BB;Пермь;1 033 ₽
24-03-2022;;Артрадол 100мг №20 амп. лиоф.д/р-ра д/в/м/ин Армавирская биологическая фабрика   Армавирская биологич.ф-ка, Россия; Фармаимпекс;https://b-apteka.ru/search?q=%D0%B0%D1%80%D1%82%D1%80%D0%B0%D0%B4%D0%BE%D0%BB;Пермь;1 821 ₽
24-03-2022;;Хондрогард 100мг/мл 1мл №10 амп. р-р д/ин.в/м и в/суст Сотекс ФармФирма ЗАО   Сотекс, Россия; Фармаимпекс;https://b-apteka.ru/search?q=%D0%B0%D1%80%D1%82%D1%80%D0%B0%D0%B4%D0%BE%D0%BB;Пермь;1 143 ₽
24-03-2022;;Хондрогард 100мг/мл 2мл №10 амп. р-р д/ин.в/м и в/суст Сотекс ФармФирма ЗАО   Сотекс, Россия; Фармаимпекс;https://b-apteka.ru/search?q=%D0%B0%D1%80%D1%82%D1%80%D0%B0%D0%B4%D0%BE%D0%BB;Пермь;2 052 ₽
24-03-2022;;Хондролон 100мг №10 амп. лиоф.д/р-ра д/в/м/ин Микроген НПО АО   Микроген, Россия; Фармаимпекс;https://b-apteka.ru/search?q=%D0%B0%D1%80%D1%82%D1%80%D0%B0%D0%B4%D0%BE%D0%BB;Пермь;593 ₽
24-03-2022;;Артра 500+500мг №60 таб.п/о/плен Юнифарм Инк   Юнифарм, Сша; Фармаимпекс;https://b-apteka.ru/search?q=%D0%B0%D1%80%D1%82%D1%80%D0%B0%D0%B4%D0%BE%D0%BB;Пермь;1 670 ₽
24-03-2022;;Кондронова 250мг+200мг №30 капс. Панацея Биотек Лтд   Панацея Биотек, Индия; Фармаимпекс;https://b-apteka.ru/search?q=%D0%B0%D1%80%D1%82%D1%80%D0%B0%D0%B4%D0%BE%D0%BB;Пермь;598 ₽
24-03-2022;;Структум 500мг №60 капс. Пьер Фабр Медикамент Продакшн   Пьер Фабр, Франция; Фармаимпекс;https://b-apteka.ru/search?q=%D0%B0%D1%80%D1%82%D1%80%D0%B0%D0%B4%D0%BE%D0%BB;Пермь;1 799 ₽
24-03-2022;;Хондроксид 5% 30г мазь д/наруж.прим. Нижфарм ОАО   Нижфарм, Россия; Фармаимпекс;https://b-apteka.ru/search?q=%D0%B0%D1%80%D1%82%D1%80%D0%B0%D0%B4%D0%BE%D0%BB;Пермь;399 ₽
24-03-2022;;Мукосат 100мг/мл 2мл №10 амп. р-р д/ин.в/м и в/суст Эллара ООО   Эллара, Россия; Фармаимпекс;https://b-apteka.ru/search?q=%D0%B0%D1%80%D1%82%D1%80%D0%B0%D0%B4%D0%BE%D0%BB;Пермь;1 650 ₽
24-03-2022;;Мукосат 100мг/мл 2мл №5 амп. р-р д/ин.в/м Эллара ООО   Эллара, Россия; Фармаимпекс;https://b-apteka.ru/search?q=%D0%B0%D1%80%D1%82%D1%80%D0%B0%D0%B4%D0%BE%D0%BB;Пермь;824 ₽
24-03-2022;;Мукосат 100мг/мл 2мл №25 амп. р-р д/ин.в/м и в/суст Эллара ООО   Эллара, Россия; Фармаимпекс;https://b-apteka.ru/search?q=%D0%B0%D1%80%D1%82%D1%80%D0%B0%D0%B4%D0%BE%D0%BB;Пермь;3 690 ₽
24-03-2022;;Хондроитин сульфат 100мг №10 амп. лиоф.д/р-ра д/в/м/ин Курская биофабрика ФКП - фирма БИОК   Курская биофабрика, Россия; Фармаимпекс;https://b-apteka.ru/search?q=%D1%85%D0%BE%D0%BD%D0%B4%D1%80%D0%BE%D0%B8%D1%82%D0%B8%D0%BD%D0%B0%20%D1%81%D1%83%D0%BB%D1%8C%D1%84%D0%B0%D1%82;Пермь;790 ₽
24-03-2022;;Хондрогард 100мг/мл 1мл №10 амп. р-р д/ин.в/м и в/суст Сотекс ФармФирма ЗАО   Сотекс, Россия; Фармаимпекс;https://b-apteka.ru/search?q=%D1%85%D0%BE%D0%BD%D0%B4%D1%80%D0%BE%D0%B8%D1%82%D0%B8%D0%BD%D0%B0%20%D1%81%D1%83%D0%BB%D1%8C%D1%84%D0%B0%D1%82;Пермь;1 143 ₽
24-03-2022;;Хондрогард 100мг/мл 2мл №10 амп. р-р д/ин.в/м и в/суст Сотекс ФармФирма ЗАО   Сотекс, Россия; Фармаимпекс;https://b-apteka.ru/search?q=%D1%85%D0%BE%D0%BD%D0%B4%D1%80%D0%BE%D0%B8%D1%82%D0%B8%D0%BD%D0%B0%20%D1%81%D1%83%D0%BB%D1%8C%D1%84%D0%B0%D1%82;Пермь;2 052 ₽
24-03-2022;;Хондролон 100мг №10 амп. лиоф.д/р-ра д/в/м/ин Микроген НПО АО   Микроген, Россия; Фармаимпекс;https://b-apteka.ru/search?q=%D1%85%D0%BE%D0%BD%D0%B4%D1%80%D0%BE%D0%B8%D1%82%D0%B8%D0%BD%D0%B0%20%D1%81%D1%83%D0%BB%D1%8C%D1%84%D0%B0%D1%82;Пермь;593 ₽
24-03-2022;;Артра 500+500мг №60 таб.п/о/плен Юнифарм Инк   Юнифарм, Сша; Фармаимпекс;https://b-apteka.ru/search?q=%D1%85%D0%BE%D0%BD%D0%B4%D1%80%D0%BE%D0%B8%D1%82%D0%B8%D0%BD%D0%B0%20%D1%81%D1%83%D0%BB%D1%8C%D1%84%D0%B0%D1%82;Пермь;1 670 ₽
24-03-2022;;Кондронова 250мг+200мг №30 капс. Панацея Биотек Лтд   Панацея Биотек, Индия; Фармаимпекс;https://b-apteka.ru/search?q=%D1%85%D0%BE%D0%BD%D0%B4%D1%80%D0%BE%D0%B8%D1%82%D0%B8%D0%BD%D0%B0%20%D1%81%D1%83%D0%BB%D1%8C%D1%84%D0%B0%D1%82;Пермь;598 ₽
24-03-2022;;Структум 500мг №60 капс. Пьер Фабр Медикамент Продакшн   Пьер Фабр, Франция; Фармаимпекс;https://b-apteka.ru/search?q=%D1%85%D0%BE%D0%BD%D0%B4%D1%80%D0%BE%D0%B8%D1%82%D0%B8%D0%BD%D0%B0%20%D1%81%D1%83%D0%BB%D1%8C%D1%84%D0%B0%D1%82;Пермь;1 799 ₽
24-03-2022;;Хондроксид 5% 30г мазь д/наруж.прим. Нижфарм ОАО   Нижфарм, Россия; Фармаимпекс;https://b-apteka.ru/search?q=%D1%85%D0%BE%D0%BD%D0%B4%D1%80%D0%BE%D0%B8%D1%82%D0%B8%D0%BD%D0%B0%20%D1%81%D1%83%D0%BB%D1%8C%D1%84%D0%B0%D1%82;Пермь;399 ₽
24-03-2022;;Мукосат 100мг/мл 2мл №10 амп. р-р д/ин.в/м и в/суст Эллара ООО   Эллара, Россия; Фармаимпекс;https://b-apteka.ru/search?q=%D1%85%D0%BE%D0%BD%D0%B4%D1%80%D0%BE%D0%B8%D1%82%D0%B8%D0%BD%D0%B0%20%D1%81%D1%83%D0%BB%D1%8C%D1%84%D0%B0%D1%82;Пермь;1 650 ₽
24-03-2022;;Мукосат 100мг/мл 2мл №5 амп. р-р д/ин.в/м Эллара ООО   Эллара, Россия; Фармаимпекс;https://b-apteka.ru/search?q=%D1%85%D0%BE%D0%BD%D0%B4%D1%80%D0%BE%D0%B8%D1%82%D0%B8%D0%BD%D0%B0%20%D1%81%D1%83%D0%BB%D1%8C%D1%84%D0%B0%D1%82;Пермь;824 ₽
24-03-2022;;Мукосат 100мг/мл 2мл №25 амп. р-р д/ин.в/м и в/суст Эллара ООО   Эллара, Россия; Фармаимпекс;https://b-apteka.ru/search?q=%D1%85%D0%BE%D0%BD%D0%B4%D1%80%D0%BE%D0%B8%D1%82%D0%B8%D0%BD%D0%B0%20%D1%81%D1%83%D0%BB%D1%8C%D1%84%D0%B0%D1%82;Пермь;3 690 ₽
24-03-2022;;Мукосат 5% 30г туба мазь д/наруж/прим Зеленая Дубрава ЗАО   Зеленая Дубрава, Россия; Фармаимпекс;https://b-apteka.ru/search?q=%D1%85%D0%BE%D0%BD%D0%B4%D1%80%D0%BE%D0%B8%D1%82%D0%B8%D0%BD%D0%B0%20%D1%81%D1%83%D0%BB%D1%8C%D1%84%D0%B0%D1%82;Пермь;369 ₽
24-03-2022;;Эльбона 200мг/мл 2мл №6 амп. р-р д/ин.в/м+р-ль Эллара ООО   Эллара, Россия; Фармаимпекс;https://b-apteka.ru/search?q=%D1%8D%D0%BB%D1%8C%D0%B1%D0%BE%D0%BD%D0%B0;Пермь;1 188 ₽
24-03-2022;;Эльбона 200мг/мл 2мл №12 амп. р-р д/ин.в/м+р-ль Эллара ООО   Эллара, Россия; Фармаимпекс;https://b-apteka.ru/search?q=%D1%8D%D0%BB%D1%8C%D0%B1%D0%BE%D0%BD%D0%B0;Пермь;2 484 ₽
24-03-2022;;Артра 500+500мг №60 таб.п/о/плен Юнифарм Инк   Юнифарм, Сша; Фармаимпекс;https://b-apteka.ru/search?q=%D1%8D%D0%BB%D1%8C%D0%B1%D0%BE%D0%BD%D0%B0;Пермь;1 670 ₽
24-03-2022;;Кондронова 250мг+200мг №30 капс. Панацея Биотек Лтд   Панацея Биотек, Индия; Фармаимпекс;https://b-apteka.ru/search?q=%D1%8D%D0%BB%D1%8C%D0%B1%D0%BE%D0%BD%D0%B0;Пермь;598 ₽
24-03-2022;;Дона 1,5г №20 пор.д/приг.р-ра пр/вн Роттафарм Лтд   Роттафарм Лтд, Ирландия; Фармаимпекс;https://b-apteka.ru/search?q=%D1%8D%D0%BB%D1%8C%D0%B1%D0%BE%D0%BD%D0%B0;Пермь;1 906 ₽
24-03-2022;;Сустагард Артро 200мг/мл 2мл №5 р-р д/ин.в/м+р-ль 1мл №5 амп Сотекс ФармФирма ЗАО   Сотекс, Россия; Фармаимпекс;https://b-apteka.ru/search?q=%D1%8D%D0%BB%D1%8C%D0%B1%D0%BE%D0%BD%D0%B0;Пермь;1 150 ₽
24-03-2022;;Артра 500+500мг №120 таб.п/о/плен АмериФарма Лабс ЛЛС   АмериФарма Лабс, Сша; Фармаимпекс;https://b-apteka.ru/search?q=%D1%8D%D0%BB%D1%8C%D0%B1%D0%BE%D0%BD%D0%B0;Пермь;3 465 ₽
24-03-2022;;Терафлекс Адванс 250мг+100мг+200мг №120 капс. Контракт Фармакал Корпорейшн   Контракт Фарма, Сша; Фармаимпекс;https://b-apteka.ru/search?q=%D1%8D%D0%BB%D1%8C%D0%B1%D0%BE%D0%BD%D0%B0;Пермь;3 026 ₽
24-03-2022;;Терафлекс Адванс 250мг+100мг+200мг №60 капс. Контракт Фармакал Корпорейшн   Контракт Фарма, Сша; Фармаимпекс;https://b-apteka.ru/search?q=%D1%8D%D0%BB%D1%8C%D0%B1%D0%BE%D0%BD%D0%B0;Пермь;1 972 ₽
24-03-2022;;Терафлекс 500мг+400мг №60 капс. Контракт Фармакал Корпорейшн   Контракт Фарма, Сша; Фармаимпекс;https://b-apteka.ru/search?q=%D1%8D%D0%BB%D1%8C%D0%B1%D0%BE%D0%BD%D0%B0;Пермь;1 768 ₽
24-03-2022;;Терафлекс 500мг+400мг №100 капс. Контракт Фармакал Корпорейшн   Контракт Фарма, Сша; Фармаимпекс;https://b-apteka.ru/search?q=%D1%8D%D0%BB%D1%8C%D0%B1%D0%BE%D0%BD%D0%B0;Пермь;2 588 ₽
24-03-2022;;Дона 200мг/мл 2мл №6 амп р-р д/ин.в/м+р-ль 1мл №6 амп Биологичи Италия Лаб С.Р.Л.   Биологичи Италия Лаб С.Р.Л., Италия; Фармаимпекс;https://b-apteka.ru/search?q=%D1%8D%D0%BB%D1%8C%D0%B1%D0%BE%D0%BD%D0%B0;Пермь;1 786 ₽
24-03-2022;;Хонсат 0,1/мл 1мл n10 амп р-р в/м Эллара ООО   Эллара; Фармаимпекс;https://b-apteka.ru/search?q=%D1%85%D0%BE%D0%BD%D1%81%D0%B0%D1%82;Пермь;900 ₽
24-03-2022;;Хонсат 0,1/мл 2мл n10 амп р-р в/м Эллара ООО   Эллара; Фармаимпекс;https://b-apteka.ru/search?q=%D1%85%D0%BE%D0%BD%D1%81%D0%B0%D1%82;Пермь;1 427 ₽
24-03-2022;;Хонсат 100мг/мл 2мл №5 амп. р-р д/ин.в/м Эллара ООО   Эллара, Россия; Фармаимпекс;https://b-apteka.ru/search?q=%D1%85%D0%BE%D0%BD%D1%81%D0%B0%D1%82;Пермь;735 ₽
24-03-2022;;Хондрогард 100мг/мл 1мл №10 амп. р-р д/ин.в/м и в/суст Сотекс ФармФирма ЗАО   Сотекс, Россия; Фармаимпекс;https://b-apteka.ru/search?q=%D1%85%D0%BE%D0%BD%D1%81%D0%B0%D1%82;Пермь;1 143 ₽
24-03-2022;;Хондрогард 100мг/мл 2мл №10 амп. р-р д/ин.в/м и в/суст Сотекс ФармФирма ЗАО   Сотекс, Россия; Фармаимпекс;https://b-apteka.ru/search?q=%D1%85%D0%BE%D0%BD%D1%81%D0%B0%D1%82;Пермь;2 052 ₽
24-03-2022;;Хондролон 100мг №10 амп. лиоф.д/р-ра д/в/м/ин Микроген НПО АО   Микроген, Россия; Фармаимпекс;https://b-apteka.ru/search?q=%D1%85%D0%BE%D0%BD%D1%81%D0%B0%D1%82;Пермь;593 ₽
24-03-2022;;Артра 500+500мг №60 таб.п/о/плен Юнифарм Инк   Юнифарм, Сша; Фармаимпекс;https://b-apteka.ru/search?q=%D1%85%D0%BE%D0%BD%D1%81%D0%B0%D1%82;Пермь;1 670 ₽
24-03-2022;;Кондронова 250мг+200мг №30 капс. Панацея Биотек Лтд   Панацея Биотек, Индия; Фармаимпекс;https://b-apteka.ru/search?q=%D1%85%D0%BE%D0%BD%D1%81%D0%B0%D1%82;Пермь;598 ₽
24-03-2022;;Структум 500мг №60 капс. Пьер Фабр Медикамент Продакшн   Пьер Фабр, Франция; Фармаимпекс;https://b-apteka.ru/search?q=%D1%85%D0%BE%D0%BD%D1%81%D0%B0%D1%82;Пермь;1 799 ₽
24-03-2022;;Хондроксид 5% 30г мазь д/наруж.прим. Нижфарм ОАО   Нижфарм, Россия; Фармаимпекс;https://b-apteka.ru/search?q=%D1%85%D0%BE%D0%BD%D1%81%D0%B0%D1%82;Пермь;399 ₽
24-03-2022;;Мукосат 100мг/мл 2мл №10 амп. р-р д/ин.в/м и в/суст Эллара ООО   Эллара, Россия; Фармаимпекс;https://b-apteka.ru/search?q=%D1%85%D0%BE%D0%BD%D1%81%D0%B0%D1%82;Пермь;1 650 ₽
24-03-2022;;Мукосат 100мг/мл 2мл №5 амп. р-р д/ин.в/м Эллара ООО   Эллара, Россия; Фармаимпекс;https://b-apteka.ru/search?q=%D1%85%D0%BE%D0%BD%D1%81%D0%B0%D1%82;Пермь;824 ₽
24-03-2022;;Хондрогард 100мг/мл 1мл №10 амп. р-р д/ин.в/м и в/суст Сотекс ФармФирма ЗАО   Сотекс, Россия; Фармаимпекс;https://b-apteka.ru/search?q=%D0%B0%D1%80%D1%82%D1%80%D0%BE%D0%B4%D0%B6%D0%B5%D0%BA%D1%82;Пермь;1 143 ₽
24-03-2022;;Хондрогард 100мг/мл 2мл №10 амп. р-р д/ин.в/м и в/суст Сотекс ФармФирма ЗАО   Сотекс, Россия; Фармаимпекс;https://b-apteka.ru/search?q=%D0%B0%D1%80%D1%82%D1%80%D0%BE%D0%B4%D0%B6%D0%B5%D0%BA%D1%82;Пермь;2 052 ₽
24-03-2022;;Хондролон 100мг №10 амп. лиоф.д/р-ра д/в/м/ин Микроген НПО АО   Микроген, Россия; Фармаимпекс;https://b-apteka.ru/search?q=%D0%B0%D1%80%D1%82%D1%80%D0%BE%D0%B4%D0%B6%D0%B5%D0%BA%D1%82;Пермь;593 ₽
24-03-2022;;Артра 500+500мг №60 таб.п/о/плен Юнифарм Инк   Юнифарм, Сша; Фармаимпекс;https://b-apteka.ru/search?q=%D0%B0%D1%80%D1%82%D1%80%D0%BE%D0%B4%D0%B6%D0%B5%D0%BA%D1%82;Пермь;1 670 ₽
24-03-2022;;Кондронова 250мг+200мг №30 капс. Панацея Биотек Лтд   Панацея Биотек, Индия; Фармаимпекс;https://b-apteka.ru/search?q=%D0%B0%D1%80%D1%82%D1%80%D0%BE%D0%B4%D0%B6%D0%B5%D0%BA%D1%82;Пермь;598 ₽
24-03-2022;;Структум 500мг №60 капс. Пьер Фабр Медикамент Продакшн   Пьер Фабр, Франция; Фармаимпекс;https://b-apteka.ru/search?q=%D0%B0%D1%80%D1%82%D1%80%D0%BE%D0%B4%D0%B6%D0%B5%D0%BA%D1%82;Пермь;1 799 ₽
24-03-2022;;Хондроксид 5% 30г мазь д/наруж.прим. Нижфарм ОАО   Нижфарм, Россия; Фармаимпекс;https://b-apteka.ru/search?q=%D0%B0%D1%80%D1%82%D1%80%D0%BE%D0%B4%D0%B6%D0%B5%D0%BA%D1%82;Пермь;399 ₽
24-03-2022;;Мукосат 100мг/мл 2мл №10 амп. р-р д/ин.в/м и в/суст Эллара ООО   Эллара, Россия; Фармаимпекс;https://b-apteka.ru/search?q=%D0%B0%D1%80%D1%82%D1%80%D0%BE%D0%B4%D0%B6%D0%B5%D0%BA%D1%82;Пермь;1 650 ₽
24-03-2022;;Мукосат 100мг/мл 2мл №5 амп. р-р д/ин.в/м Эллара ООО   Эллара, Россия; Фармаимпекс;https://b-apteka.ru/search?q=%D0%B0%D1%80%D1%82%D1%80%D0%BE%D0%B4%D0%B6%D0%B5%D0%BA%D1%82;Пермь;824 ₽
24-03-2022;;Мукосат 100мг/мл 2мл №25 амп. р-р д/ин.в/м и в/суст Эллара ООО   Эллара, Россия; Фармаимпекс;https://b-apteka.ru/search?q=%D0%B0%D1%80%D1%82%D1%80%D0%BE%D0%B4%D0%B6%D0%B5%D0%BA%D1%82;Пермь;3 690 ₽
24-03-2022;;Мукосат 5% 30г туба мазь д/наруж/прим Зеленая Дубрава ЗАО   Зеленая Дубрава, Россия; Фармаимпекс;https://b-apteka.ru/search?q=%D0%B0%D1%80%D1%82%D1%80%D0%BE%D0%B4%D0%B6%D0%B5%D0%BA%D1%82;Пермь;369 ₽
24-03-2022;;Мукосат ананас №20 таб.шипучие Эвалар ЗАО   Эвалар, Россия; Фармаимпекс;https://b-apteka.ru/search?q=%D0%B0%D1%80%D1%82%D1%80%D0%BE%D0%B4%D0%B6%D0%B5%D0%BA%D1%82;Пермь;741 ₽
24-03-2022;;Хондрогард 100мг/мл 1мл №10 амп. р-р д/ин.в/м и в/суст Сотекс ФармФирма ЗАО   Сотекс, Россия; Фармаимпекс;https://b-apteka.ru/search?q=%D0%B0%D1%80%D1%82%D1%80%D0%B0%D0%B2%D0%B8%D1%80%20%D0%B8%D0%BD%D0%BA%D0%B0%D0%BC%D1%84%D0%B0%D1%80%D0%BC;Пермь;1 143 ₽
24-03-2022;;Хондрогард 100мг/мл 2мл №10 амп. р-р д/ин.в/м и в/суст Сотекс ФармФирма ЗАО   Сотекс, Россия; Фармаимпекс;https://b-apteka.ru/search?q=%D0%B0%D1%80%D1%82%D1%80%D0%B0%D0%B2%D0%B8%D1%80%20%D0%B8%D0%BD%D0%BA%D0%B0%D0%BC%D1%84%D0%B0%D1%80%D0%BC;Пермь;2 052 ₽
24-03-2022;;Хондролон 100мг №10 амп. лиоф.д/р-ра д/в/м/ин Микроген НПО АО   Микроген, Россия; Фармаимпекс;https://b-apteka.ru/search?q=%D0%B0%D1%80%D1%82%D1%80%D0%B0%D0%B2%D0%B8%D1%80%20%D0%B8%D0%BD%D0%BA%D0%B0%D0%BC%D1%84%D0%B0%D1%80%D0%BC;Пермь;593 ₽
24-03-2022;;Артра 500+500мг №60 таб.п/о/плен Юнифарм Инк   Юнифарм, Сша; Фармаимпекс;https://b-apteka.ru/search?q=%D0%B0%D1%80%D1%82%D1%80%D0%B0%D0%B2%D0%B8%D1%80%20%D0%B8%D0%BD%D0%BA%D0%B0%D0%BC%D1%84%D0%B0%D1%80%D0%BC;Пермь;1 670 ₽
24-03-2022;;Кондронова 250мг+200мг №30 капс. Панацея Биотек Лтд   Панацея Биотек, Индия; Фармаимпекс;https://b-apteka.ru/search?q=%D0%B0%D1%80%D1%82%D1%80%D0%B0%D0%B2%D0%B8%D1%80%20%D0%B8%D0%BD%D0%BA%D0%B0%D0%BC%D1%84%D0%B0%D1%80%D0%BC;Пермь;598 ₽
24-03-2022;;Структум 500мг №60 капс. Пьер Фабр Медикамент Продакшн   Пьер Фабр, Франция; Фармаимпекс;https://b-apteka.ru/search?q=%D0%B0%D1%80%D1%82%D1%80%D0%B0%D0%B2%D0%B8%D1%80%20%D0%B8%D0%BD%D0%BA%D0%B0%D0%BC%D1%84%D0%B0%D1%80%D0%BC;Пермь;1 799 ₽
24-03-2022;;Хондроксид 5% 30г мазь д/наруж.прим. Нижфарм ОАО   Нижфарм, Россия; Фармаимпекс;https://b-apteka.ru/search?q=%D0%B0%D1%80%D1%82%D1%80%D0%B0%D0%B2%D0%B8%D1%80%20%D0%B8%D0%BD%D0%BA%D0%B0%D0%BC%D1%84%D0%B0%D1%80%D0%BC;Пермь;399 ₽
24-03-2022;;Мукосат 100мг/мл 2мл №10 амп. р-р д/ин.в/м и в/суст Эллара ООО   Эллара, Россия; Фармаимпекс;https://b-apteka.ru/search?q=%D0%B0%D1%80%D1%82%D1%80%D0%B0%D0%B2%D0%B8%D1%80%20%D0%B8%D0%BD%D0%BA%D0%B0%D0%BC%D1%84%D0%B0%D1%80%D0%BC;Пермь;1 650 ₽
24-03-2022;;Мукосат 100мг/мл 2мл №5 амп. р-р д/ин.в/м Эллара ООО   Эллара, Россия; Фармаимпекс;https://b-apteka.ru/search?q=%D0%B0%D1%80%D1%82%D1%80%D0%B0%D0%B2%D0%B8%D1%80%20%D0%B8%D0%BD%D0%BA%D0%B0%D0%BC%D1%84%D0%B0%D1%80%D0%BC;Пермь;824 ₽
24-03-2022;;Мукосат 100мг/мл 2мл №25 амп. р-р д/ин.в/м и в/суст Эллара ООО   Эллара, Россия; Фармаимпекс;https://b-apteka.ru/search?q=%D0%B0%D1%80%D1%82%D1%80%D0%B0%D0%B2%D0%B8%D1%80%20%D0%B8%D0%BD%D0%BA%D0%B0%D0%BC%D1%84%D0%B0%D1%80%D0%BC;Пермь;3 690 ₽
24-03-2022;;Мукосат 5% 30г туба мазь д/наруж/прим Зеленая Дубрава ЗАО   Зеленая Дубрава, Россия; Фармаимпекс;https://b-apteka.ru/search?q=%D0%B0%D1%80%D1%82%D1%80%D0%B0%D0%B2%D0%B8%D1%80%20%D0%B8%D0%BD%D0%BA%D0%B0%D0%BC%D1%84%D0%B0%D1%80%D0%BC;Пермь;369 ₽
24-03-2022;;Мукосат ананас №20 таб.шипучие Эвалар ЗАО   Эвалар, Россия; Фармаимпекс;https://b-apteka.ru/search?q=%D0%B0%D1%80%D1%82%D1%80%D0%B0%D0%B2%D0%B8%D1%80%20%D0%B8%D0%BD%D0%BA%D0%B0%D0%BC%D1%84%D0%B0%D1%80%D0%BC;Пермь;741 ₽
24-03-2022;;Хондроксид 5% 30г мазь д/наруж.прим. Нижфарм ОАО   Нижфарм, Россия; Фармаимпекс;https://b-apteka.ru/search?q=%D1%85%D0%BE%D0%BD%D0%B4%D1%80%D0%BE%D0%BA%D1%81%D0%B8%D0%B4;Пермь;399 ₽
24-03-2022;;Хондроксид 5% 30г гель д/наруж.прим. Нижфарм ОАО   Нижфарм, Россия; Фармаимпекс;https://b-apteka.ru/search?q=%D1%85%D0%BE%D0%BD%D0%B4%D1%80%D0%BE%D0%BA%D1%81%D0%B8%D0%B4;Пермь;539 ₽
24-03-2022;;Мелоксикам Канон 1% 50г туба гель д/наруж.прим Тульская фармфабрика ООО   Тульская фармфабрика, Россия; Фармаимпекс;https://b-apteka.ru/search?q=%D1%85%D0%BE%D0%BD%D0%B4%D1%80%D0%BE%D0%BA%D1%81%D0%B8%D0%B4;Пермь;222 ₽
24-03-2022;;Мелоксикам Вертекс 15мг №20 таб. Вертекс АО   Вертекс, Россия; Фармаимпекс;https://b-apteka.ru/search?q=%D1%85%D0%BE%D0%BD%D0%B4%D1%80%D0%BE%D0%BA%D1%81%D0%B8%D0%B4;Пермь;238 ₽
24-03-2022;;Мелоксикам 7,5мг №20 таб. Канонфарма продакшн ЗАО   Канонфарма, Россия; Фармаимпекс;https://b-apteka.ru/search?q=%D1%85%D0%BE%D0%BD%D0%B4%D1%80%D0%BE%D0%BA%D1%81%D0%B8%D0%B4;Пермь;79 ₽
24-03-2022;;Амелотекс 15мг №6 супп. рект. Фармпроект АО   Фармпроект, Россия; Фармаимпекс;https://b-apteka.ru/search?q=%D1%85%D0%BE%D0%BD%D0%B4%D1%80%D0%BE%D0%BA%D1%81%D0%B8%D0%B4;Пермь;296 ₽
24-03-2022;;Амелотекс 7,5мг №6 супп. рект. Фармпроект АО   Фармпроект, Россия; Фармаимпекс;https://b-apteka.ru/search?q=%D1%85%D0%BE%D0%BD%D0%B4%D1%80%D0%BE%D0%BA%D1%81%D0%B8%D0%B4;Пермь;155 ₽
24-03-2022;;Мелоксикам 15мг №20 таб. Озон ООО   Озон, Россия; Фармаимпекс;https://b-apteka.ru/search?q=%D1%85%D0%BE%D0%BD%D0%B4%D1%80%D0%BE%D0%BA%D1%81%D0%B8%D0%B4;Пермь;124 ₽
24-03-2022;;Мовалис 15мг №10 таб. Берингер ИнгельхаймЭллас АЕ   Берингер , Греция; Фармаимпекс;https://b-apteka.ru/search?q=%D1%85%D0%BE%D0%BD%D0%B4%D1%80%D0%BE%D0%BA%D1%81%D0%B8%D0%B4;Пермь;593 ₽
24-03-2022;;Артрозан 15мг №10 таб. Фармстандарт-Лексредства ОАО   Фармстандарт, Россия; Фармаимпекс;https://b-apteka.ru/search?q=%D1%85%D0%BE%D0%BD%D0%B4%D1%80%D0%BE%D0%BA%D1%81%D0%B8%D0%B4;Пермь;176 ₽
24-03-2022;;Амелотекс 15мг №20 таб. Реплек Фарм ООО Скопье   Реплекфарм, Македония; Фармаимпекс;https://b-apteka.ru/search?q=%D1%85%D0%BE%D0%BD%D0%B4%D1%80%D0%BE%D0%BA%D1%81%D0%B8%D0%B4;Пермь;253 ₽
24-03-2022;;Амелотекс 1% 50г туба гель д/наруж.прим. Озон ООО   Озон, Россия; Фармаимпекс;https://b-apteka.ru/search?q=%D1%85%D0%BE%D0%BD%D0%B4%D1%80%D0%BE%D0%BA%D1%81%D0%B8%D0%B4;Пермь;350 ₽
24-03-2022;;Гиалуформ Синовиаль материал-гель для в/сустав/введ 1% 2мл шприц Лаборатория Тоскани ООО   Лаборатория Тоскани ООО, Россия; Фармаимпекс;https://b-apteka.ru/search?q=%D0%B3%D0%B8%D0%B0%D0%BB%D1%80%D0%B8%D0%BF%D0%B0%D0%B9%D0%B5%D1%80;Пермь;7 796 ₽
24-03-2022;;Остеоколл 2мл №5 фл. имплант д/периартик/введ Гуна С.п.А.   Гуна, Италия; Фармаимпекс;https://b-apteka.ru/search?q=%D0%BE%D1%81%D1%82%D0%B5%D0%BE%D0%BA%D0%BE%D0%BB%D0%BB;Пермь;5 650 ₽
24-03-2022;;Плексатрон 2мл №5 фл. имплант д/в/суст/периартик/введ Гуна С.п.А.   Гуна, Италия; Фармаимпекс;https://b-apteka.ru/search?q=%D0%BF%D0%BB%D0%B5%D0%BA%D1%81%D0%B0%D1%82%D1%80%D0%BE%D0%BD;Пермь;3 819 ₽
24-03-2022;;Траумель С 30мл капли гомеопат. Биологише Хайльмиттель ХеельГмбХ   Биологише Хайльмиттель ХеельГмбХ, Германия; Фармаимпекс;https://b-apteka.ru/search?q=%D1%82%D1%80%D0%B0%D1%83%D0%BC%D0%B5%D0%BB%D1%8C;Пермь;715 ₽
24-03-2022;;Траумель С 2,2мл №5 амп. р-р д/ин.в/м и около/суст Биологише Хайльмиттель ХеельГмбХ   Биологише Хайльмиттель ХеельГмбХ, Германия; Фармаимпекс;https://b-apteka.ru/search?q=%D1%82%D1%80%D0%B0%D1%83%D0%BC%D0%B5%D0%BB%D1%8C;Пермь;890 ₽
24-03-2022;;Траумель С 50г мазь Биологише Хайльмиттель ХеельГмбХ   Биологише Хайльмиттель ХеельГмбХ, Германия; Фармаимпекс;https://b-apteka.ru/search?q=%D1%82%D1%80%D0%B0%D1%83%D0%BC%D0%B5%D0%BB%D1%8C;Пермь;645 ₽
24-03-2022;;Траумель С 100г туба мазь д/наруж.прим/гомеопат. Биологише Хайльмиттель ХеельГмбХ   Биологише Хайльмиттель ХеельГмбХ, Германия; Фармаимпекс;https://b-apteka.ru/search?q=%D1%82%D1%80%D0%B0%D1%83%D0%BC%D0%B5%D0%BB%D1%8C;Пермь;1 090 ₽
24-03-2022;;Траумель С №50 таб.д/рассас.гомеопат Биологише Хайльмиттель ХеельГмбХ   Биологише Хайльмиттель ХеельГмбХ, Германия; Фармаимпекс;https://b-apteka.ru/search?q=%D1%82%D1%80%D0%B0%D1%83%D0%BC%D0%B5%D0%BB%D1%8C;Пермь;479 ₽
24-03-2022;;Траумель С 2,2мл №100 амп. р-р д/ин.в/м и в/суст Биологише Хайльмиттель ХеельГмбХ   Биологише Хайльмиттель ХеельГмбХ, Германия; Фармаимпекс;https://b-apteka.ru/search?q=%D1%82%D1%80%D0%B0%D1%83%D0%BC%D0%B5%D0%BB%D1%8C;Пермь;15 349 ₽
24-03-2022;;Траумель Космо 50г гель Биологише Хайльмиттель ХеельГмбХ   Биологише Хайльмиттель ХеельГмбХ, Германия; Фармаимпекс;https://b-apteka.ru/search?q=%D1%82%D1%80%D0%B0%D1%83%D0%BC%D0%B5%D0%BB%D1%8C;Пермь;775 ₽
